sentence_id	sentence	label
0	ÜCRETLİ ÖĞRETMENLER atama bekliyor	OBJ
1	Çift mükerrer 4.4 ceza sistemi zulümdür	SUBJ
2	"#Mersin ‘Mezitli Polisevi’ne hain saldırıyı düzenleyen PKK’lı terörist Dilşah Ercan’ın CHP tarafından hazırlanan ""Türkiye'nin en büyük açık cezaevi"" Tutuklu Gazeteciler Raporu'nda gazeteci olarak gösterildiği ortaya çıktı."	SUBJ
3	CHP’de seçim startını Neriman Posbıyık verdi!	OBJ
4	Belediye Şirketlerinde istihdam edilen Zabıta için 657 Kadro talep ediyoruz	OBJ
5	Deva Partisi Genel Başkanı Ali Babacan: Erdoğan paradan 6 sıfır atılacağını gazetelerden öğrendi. 	OBJ
6	Emek Mahallesi Danışma Meclisi  Belediye Başkanımız Bünyamin Çiftçi’nin sunumları ile Emek Mahallemiz de vatandaşımız ile birlikteyiz.	OBJ
7	Ak parti kürt seçmen ile irtibat-ittifak kurdu, Kılıçdaroğlu ise HDP yöneticileriyle ittifak kuruyor.	SUBJ
8	Yunan ve ABD ülkeyi işgal etmeye gelse Sırf Erdoğan gitsin diye onları çiçeklerle karşılamaya hazır bir kitle var içimizde	SUBJ
9	AK Parti İl Başkan Yardımcımız, İl Gençlik Kolları Başkanımız ve Afad Şube Müdürü ile birlikte Kırklar geçici konteyner konaklama merkezindeki hemşehrilerimizi ziyaret ettik.	OBJ
10	KADER MAHKUMU DEĞİL ADİL YARGILANMAYAN MAHKUMLAR Dememiyiz	SUBJ
11	"Tunç Soyer'in ""Gemilerle kaçanlar"" sözü AKP'yi rahatsız etti "	SUBJ
12	Vekil imam ve müezzinler kadro bekliyor	OBJ
13	CHP çoktan beridir HDP'nin elinde kaleşnikof oldu.	SUBJ
14	Haklı valla.	SUBJ
15	Halk Mansur Yavaş'ı çağırıyor...	SUBJ
16	bizim evde anket yaptım.	OBJ
17	Hdp ve bakanlık ülkeyi üzer	SUBJ
18	1️⃣4️⃣9️⃣5️⃣ Gündür bekliyoruz.	OBJ
19	Gelecek Partisi'nden Nebati'ye tepki: Tarihimizin en büyük skandalı https://t.co/moYhQMS5Ep https://t.co/cASVWMY59c	OBJ
20	Öğretmenler odası rüyadaki karabasan gibi, herkes kanuna karşı bağırıyor ama kimsenin sesi çıkmıyor	SUBJ
21	AKP Erdoğan vatandaşi bitirdi sosyal hayatımızı elimizden aldı	SUBJ
22	Belediye Şirket İşçiliği kadro değildir.	OBJ
23	Chp bu ülkede adaylık için militan istemiş	SUBJ
24	2023 ‘e Doğru Şehir Buluşmaları Kapsamında @csgbakanligi Bakanımız Sn. @vedatbilgn, Genel Başkan Yardımcımız @avhamzadag, bölge milletvekillerimiz ve MKYK Üyelerimiz teşkilat mensuplarımızın katılımıyla basın mensuplarımızla buluştuk.	OBJ
25	AKP li vekil ASLAN CHP ye geçmişti	OBJ
26	"Cumhurbaşkanı @RTErdogan: ""(Cumhurbaşkanı Özel Yayını) CHP teröristlerden biri gazeteci olarak savundu. Devleti dinleselerdi böyle ibretlik ve utanılacak hale düşmezlerdi. CHP bir milli güvenlik sorunudur."""	OBJ
27	Kemal Kılıçdaroğlu:  Bugünü izah eden tek kelime ‘zam’	OBJ
28	Ücretli öğretmen ataması istiyoruz	OBJ
29	Bahçeli, Kılıçdaroğlu’nu Elazığ’daki Afişler Üzerinden Hedef Aldı	OBJ
30	BABACAN: ŞU ANDAKİ SİSTEM, İLK TURDA CUMHURBAŞKANLIĞI’NI KAZANMAK İSTİYORSAK PARTİLERİ İŞ BİRLİĞİ İÇERİSİNDE OLMAYA ZORLAYAN BİR SİSTEM	OBJ
31	Cumhur İttifakı Başakşehir Belediye Başkanı Sn. Yasin KARTOĞLU’na nazik ziyaretleri için teşekkür ederim.	SUBJ
32	Meral kılıçdaroğluna laf eder chp sessiz,chp'li can atak meral'e laf eder iyi partililerde ses yok	SUBJ
33	Erdoğan yapar CHP çökmeye çalışır bu asla hiç değişmez.	SUBJ
34	CHP VAN ekibi olarak VAN sahipsiz değil diyoruz ve sahalardayız	OBJ
35	Son dakika... AYM, HDP'nin reddi hakim talebini reddetti	OBJ
36	5434 sayılı Emekli Sandığı Kanunu kapsamındaki Memurların da mağduriyeti görülsün.	SUBJ
37	"Dün Mersin'de kendisini patlatan teröristin ""gazeteci"" olarak yer aldığı Tutuklu Gazeteciler Raporu'nu, CHP Milletvekilleri Veli Ağababa ile Özgür Özel'in hazırladığı ortaya çıktı."	OBJ
38	ASELSAN ve BAYKAR'ı hedef alan CHP'li vekilin Demirtaş için destek çağrısı yaptığı ortaya çıktı❗️	OBJ
39	20 yıldır tek başına ülkeyi yöneten akp millete sabır diliyor.	OBJ
40	HDP Milletvekili Gergerlioğlu mahkum ve yakınlarının mektuplarını paylaştı: Silivri Cezaevi'nde salgından ölüyoruz	OBJ
41	Kılıçdaroğlu, Aile Destekleri Sigortası'nı açıkladı: Maliyet değil, zihniyet sorunu 	OBJ
42	Türk Yerel Hizmet Sen Genel Başkan Yardımcısı Sn.Ramazan Karakuş ve Ankara Şube Başkanı Sn.Ergün Demir İlçe Teşkilatımızı ziyaret etmişlerdir.	OBJ
43	Asırlık ağaçları acımadan kestiler	SUBJ
44	"Cumhurbaşkanı @RTErdogan: ""(Cumhurbaşkanı Özel Yayını) İnternet sitelerinde 'tutuklu gazeteci' diye gösterdikleri raporu (CHP'nin Tutuklu Gazeteciler Raporu) hala gezdiriyorlar, demek ki teröristin arkasındalar."""	OBJ
45	Oy uğruna HDP/PKK’ya, Fetö kırıntılarına gülücük atanların #yanındadeğilim	SUBJ
46	HDP’li Gergerlioğlu: Siz kim oluyorsunuz da bu toprakların 3'üncü büyük partisine 'Bakanlık verilemez' diyebiliyorsunuz? Buradan bilsinler ki HDP'ye bakanlık da verilir, HDP başbakanlığı da alır, yarın öbür gün cumhurbaşkanlığını da alır.	OBJ
47	İlçe Başkanımız Emin Çelik başkanlığında haftalık olağan yönetim kurulu toplantımızı, Milas Koordinatörümüz Ömer Özmen ve yönetim kurulu üyelerimiz ile yaptık.	OBJ
48	Ali Babacan: 6 parti dışında 7'nci bir isim de aday olabilir	OBJ
49	GAP projesi bir vizyon, bir gelecek öngörüsüdür.	SUBJ
50	İyi Parti HDP karşısında ki çaresiz ve pasif tutumu ile kaybedecek.	SUBJ
51	Yemin ederim chp pkk den daha tehlikeli	SUBJ
52	Akşam üstü twetter gündemi ne diye baktım.	OBJ
53	HDP savundugunuz kadar keşke CHP savunsaydiniz	SUBJ
54	MHP Eski Genel Sekreter Yardımcımız Sayın Mithat Altın Hakk’ın rahmetine kavuşmuştur.	OBJ
55	Yıllarca asgari ücret altı maaşla ve yarim sgk(16gün) ile calisip ülkemizin egitim açigini kapattik bizlere ihtiyaciniz olduğunda görevdeydik	SUBJ
56	TOGG ortaklarından Özilhan’ın açıklamalarından lansmanı yapılacak aracın 900 bin liranın altında olacağı anlaşılmış.	OBJ
57	Cumhurbaşkanı Erdoğan'dan 'sosyal konut' duyurusu: İlk temeli 25 Ekim'de atıyoruz	OBJ
58	AKP’li yöneticiden iş bırakan doktorlara hakaret: Bu resmen şerefsizlik, edepsizliktir 	OBJ
59	Mhp bu ülkenin kanayan yarasıdır	SUBJ
60	Bütün milli taglar bir arada	SUBJ
61	Kılıçdaroğlu laikliğe aykırı davranmaya devam ediyor: Bu sefer Kur’an öpüp başına koydu.	SUBJ
62	"Ankara tarafından sürgün kararı çıkmış Vahdettin Han için ""kaçtı"" demek, tipik chp refleksidir."	SUBJ
63	Teröristi Akp açılım anlaşması gereği serbes bırakmış.	OBJ
64	Skandal dosya Tüm avukatlar, Sağlık Bakanlığına karşı açılacak milyonlarca davaya hazırlanmalı!	SUBJ
65	JİTEM katletti AKP örttü	SUBJ
66	Son 1 senede KK ve yakınlarının yaptıkları söyledikleri ortadayken hala daha Belediye Başkanlarına saldıran sözde muhalifler var.	SUBJ
67	İzmir'in saygıdeğer CHP seçmenlerine tekraren duyuruyorum: Tunç Soyer senin oyunla seçilmiş bir HDP belediye başkanıdır.	SUBJ
68	#LeventGultekin Hadsizsin!	SUBJ
69	"CHP Genel Başkanı Kemal Kılıçdaroğlu'nun partililere yönelik, ""Şunu da artık bilmek zorundayım, siz gerçekten benimle birlikte misiniz?"" sözlerine yanıt geldi."	OBJ
70	Haluk Pekşen hayatını kaybetti.	OBJ
71	Elazığ da büyüdüğüm köyde Ermeni olduğu bilinen 8 aile vardır. 	OBJ
72	696 sayılı khk ile Belediye Taşeronlarına sadece şirket işçiliği verildi	OBJ
73	CHP’li Emir’den Bakan Ersoy’a ‘Fuat Oktay’ sorusu: Keman sanatçıları zorla mı getirildi?	OBJ
74	Cumhurbaşkanımız her zaman mağdurun yanında olmuştur ve yine mağdurdan yana olacaktır. 	SUBJ
75	Birazdan CHP,ye ait olan belediyesinin önünden ellerim arkamda geçeceğim	OBJ
76	İYİKİ VARSIN UZUN ADAM	SUBJ
77	Cumhurbaşkanı Erdoğan Belgrad Kulesi’ni ziyaret etti!	OBJ
78	"Özgür basını susturamazsınız bunu tarihten, Musa Anter'den, Ferhat Tepe'den biliyorsunuz diyen HDP Milletvekili Musa Piroğlu, gazetecileri işaret etti ve halka şu çağrıyı yaptı: ""Sesimizi duyuran bu bir avuç gazeteci ya onlarla oluruz ya da sesimizin kısılmasına göz yumarız!"""	OBJ
79	Erdoğan ile görüşmek için bekleyen Putin’in, heyetle selamlaşan ve karşısındakini öpen İbrahim Kalın'ın hareketleri dikkatini çekti. 	OBJ
80	CHP'NİN HEYKEL VE YUNAN TANRIÇA SEVDASI BİTMEZ	SUBJ
81	AKP ve MHP seçim mitinglerine başladı.	OBJ
82	Bana AKP trolü müsün ? dedi .	OBJ
83	Bir kare herşeyi anlatır...	SUBJ
84	#akaryakıt da #brentpetrol fiyatları 84 dolara düştü	OBJ
85	Hem ordu, hem halk arkanda	SUBJ
86	Bakırlıoğlu; ‘‘Halkın Gerçek Enflasyonu Market Fiyatlarında’’	OBJ
87	Orospu çocuğu Ömer Erdoğan taraftarın Beşiktaş'a saldırmasını, taraftara teşekkür ederek karşıladı	SUBJ
88	"Fahrettin Altun diyor ""Masada KCK var, PKK var"" diyor ""HDP daha önemli bir aktör olmalı"" diyor TRT'de diyor..."	OBJ
89	Recep Tayyip Erdoğan yanında önce Allah sorra ümmeti Muhammed Türkiye milleti var	SUBJ
90	SON DAKİKA ..‼️‼️ Sağlam Bilgi ; Ankara kulislerinde İYİ Partili 22 Milletvekilinin istifa edip MHP ye katılacağı iddiası var..	OBJ
91	CHP; iktidarı Adnan Menderes başta olmak üzere bu partiye oy veren tertemiz insanların âhını/bedduasını aldığı için de hiçbir zaman iflah olmamıştır...	SUBJ
92	Haçlı kahramanları arasına girmek isteyen Kral Konstantin’in Anadolu’ya ulaştırmaya memur edildiği medeniyetin eserleri; yangın yerleri ve ihtiyar kadın ve çocuk cesetleridir. - M. Kemal ATATÜRK	OBJ
93	CHP'li Kumluca Belediyesi işçileri, yasal haklarını alamadıkları ve belediyenin toplu iş sözleşmesi görüşmeleri için aylardır kendileriyle masaya oturmadıklarını ifade ederek greve gitme kararı aldı.	OBJ
94	AKŞENER KILIÇDAROĞLU'NA FENA KAZIK ATTI! 	SUBJ
95	AK PARTİ olarak biz, MİLLET İTTİFAKINI seçim meydanlarında sırtını yere getirme şansımızın çok artmasına rağmen dağılmasına çok üzülürüz.	OBJ
96	Söylendiği gibi ekonomisi şahlanmış, gelişmiş ve kıskanılan bir ülkeysek eğer,tip 1 diyabetli çocuklar neden hala tam destek alamıyor ve neden hala insülin konusuna dış ülkelere bagimliyiz	SUBJ
97	Neredeyse sevinçten göbek atacak !	SUBJ
98	Kemâl ağa adaymış hayırlı olsun	SUBJ
99	Akşener basına seslendi: Emekçilerin günlük hayatlarını yaşanır hale getirin	OBJ
100	“Gazilerimiz bağımsızlığımıza zincir vurmak isteyen düşman çevrelere iman gücüyle direnen, milli azimle karşı çıkan kahramanlarımızdır.” Lider Devlet Bahçeli	SUBJ
101	DEVA Partisi, engelli, yaşlı ve bakıma muhtaç aylıklarının alım gücünü arttırmak, insan onuruna yaraşır bir yaşam için geliyor.	SUBJ
102	Muhalefet Akparti’den en az %10 oy koparabilecek bir aday çıkartmazsa seçimi kazanmaları çok zor olur	SUBJ
103	Süresiz nafaka yasasına defalarca düzenleme sözü veren cumhurbaşkanı verdiği sözü tutmadı	OBJ
104	Kılıçdaroğlu: KHK’lıların tamamını görevlerine iade edeceğiz	OBJ
105	Yalan söylemekten bıkmadık mı CHP li gardaşlarım	SUBJ
106	Taşeron işçilere verilen kadro lisans mezunu eğitimci ücretli öğretmenlerden esirgenmemeli.	SUBJ
107	İmamoğlu'nun İsmail Küçükkaya hamlesi Halk TV'de depreme neden oldu.	SUBJ
108	Erdoğan da Tunç Soyer'i hedef aldı: Ecdadına sövdürmeye çalışan köksüzler...	OBJ
109	CHP Lideri Kılıçdaroğlu: Türkiye’de Yasama, Yürütme, Yargı Yok, Demokrasi Askıda	OBJ
110	Cumhurbaşkanı Erdoğan: Seçimleri kazanma noktasında endişemiz yok, meydanların dilini iyi bilirim 	OBJ
111	Adil yargilanmadik	SUBJ
112	Rapora göre, bitmeyen Kuzey Marmara otoyol inşasında kamu zararı tam 647 milyon $ (12 milyar ₺).	OBJ
113	Diyarbakır Türkiye Kürdistanı'nda bir şehir' demişti	OBJ
114	Kılıçdaroğlu, 5’li çeteye seslendi: Araya adam koyuyorlar; siz beni ikna edemezsiniz!	SUBJ
115	Twitter'da taglere bak Recep Tayyip Erdoğan Meral Akşener Muharrem İnce Kemal Kılıçdaroğlu...	OBJ
116	CHP milletvekili şovmen Mahmut Tanal daha 20 gün önce vefat eden Öz amcasının karısının(yengesinin) taziyesine gitmezken, Konu Şanlıurfa'nın bilindik isimlerinden birinin taziyesi olunca aşağıdaki fotoğrafı servis ediyor..	SUBJ
117	Ben tercihimi İcardi'den kullanıyorum Mansur başkan kusura bakma.	OBJ
118	İYİ Parti'yi kurup, bizi bu iktidara ve muhalif görünümlü hainlere mecbur bırakmadığı için Allah Meral Akşener ve tüm dava arkadaşlarından razı olsun.	SUBJ
119	chp her yere kiralık vekil veriyorda, yanında bonus vekilde vermeli 2 adet.	SUBJ
120	PKK/KCK'nın propagandasını yaptıkları belirlenen, CHP’li Mersin Büyükşehir Belediyesi Basın Yayın ve Halkla İlişkiler Dairesi Başkanı Bedrettin Güneş ve 17 belediye personelinin de olduğu 30 şüpheli hakkında gözaltı kararı çıkarıldı.	OBJ
121	Müjdesini Cumhurbaşkanı Erdoğan vermişti! 	OBJ
122	İP'e oy verenler bu zehirli dilden de ziyadesiyle muzdariptir.	SUBJ
123	AKP’nin ekonomi politikaları neden, #enflasyon sonuçtur!	SUBJ
124	Tembel embesil chp kafalılar açlıktan geberiyorlarmış	SUBJ
125	Mansur Yavaş Ankara yazmış	OBJ
126	IYI parti iki bakanlık biraz Kürt kanı dökülmesi karşılığında, Erdoğan'ın ayağının altını yalayıp Cumhur ittifakına geçer.	SUBJ
127	FETOCU HAİNLER, PKK LI İBLİSLER, DHKPLİ SOYSUZLAR SEVİNİN !!!!	SUBJ
128	İBB CHP Grup Sözcüsü Tarık Balyalı, AKP Grubu'ndan yöneltilen ifadelere yanıt verdi.	OBJ
129	Emine Erdoğan, Uluslararası Pediatri Kurumu heyetini kabul etti.	OBJ
130	Ali Babacan Tunceli’de: ‘Kürt meselesini de Alevi meselesini de çözmenin tam zamanıdır’	OBJ
131	Erdoğan’ın oyları eridi, Kemal Kılıçdaroğlu fark atıyor	OBJ
132	 Mhp dışındaki ülkücüler yahudi dükkanına asılmış besmele gibidir   ALPARSLAN TÜRKEŞ.	OBJ
133	Sedat Peker’in ifşaları sonrası CHP’den mafya raporu: Türkiye kara para cenneti oldu, narkopolitik iktidar kuruldu 	OBJ
134	BELEDİYE ŞİRKET İŞÇİLERİ kadro almamıştır	OBJ
135	MHP milletvekilleri Irak'ın sıfır noktasında.	OBJ
136	ERDOĞAN 6’LI MASAYA YÜKLENDİ	OBJ
137	Başkan Erdoğan New York'ta! 	OBJ
138	İsveç silah ambargosunu sözde kaldırmış.	SUBJ
139	Sayın Bakanım, 516 bin sözleşmeliye kadro müjdesi demişsiniz.	OBJ
140	Milletvekili Tutdere, köylülerle bir araya geldi.	OBJ
141	Din üzerinden birbirimizi yiyoruz Mustafa Kemal Atatürk üzerinden birbirimizi yiyoruz.	SUBJ
142	"CHP'li Kuşoğlu'nun ""Kılıçdaroğlu aday olmazsa 6'lı masa dağılır"" sözü Kılıçdaroğlu'nu kızdırdı"	OBJ
143	Dün akşam CHP Kadın Kolları olarak Aysel Aslan, Yusuf Ferik'in Sen de gel down kafede ve Karen Beste ile Doğa'lın civcivli Ahmet Ağa meydanındaki kına gecelerine katıldık	OBJ
144	Recep Tayyip Erdoğan ı indirmek istemelerinini asıl hedefi bu ilerlemeyi durdurmak bu milleti kökü dışarda olan millet ittifakına teslim etmek.	SUBJ
145	"AKP nin yaptığı metroya, Marmaraya""biz yaptık!""diye sahip çıkanlar;bırakın yapmayı,yepyeni devraldığınız bu yerlerin v araçların bakımnı yapsaydnız ona da razıydık,ama sayenzde hepsi hurdaya döndü."	SUBJ
146	Genel Başkanımız Kemal Kılıçdaroğlu ve Gelecek Partisi Genel Başkanı Ahmet Davutoğlu’nun katılımıyla Bakırköy Cem Karaca Sahnesi’nde gerçekleştirilen Hür Düşünce Hareketi Genel Kurulu’na katıldık.	OBJ
147	Cumhuriyeti Halk Partisi Genel Başkanı Kemal Kılıçdaroğlu Adaylığını ilan etti.	OBJ
148	Ahmet Hakan yazdı: Erdoğan: Rehine takası barış fırsatı	OBJ
149	Düne kadar tuvalet terliği konsa düşünmeden ona atacağız diyenler şimdi Kılıçdaroğlu aday olmasın diye yalvarıyor.	SUBJ
150	Kemal Kılıçdaroğlu Sakarya'da konuştu.	OBJ
151	Çökmüş,batmış,istila edilmiş ülkemde Vahdettin lafı duymak istemiyorum.	SUBJ
152	Cumhurbaşkanı Erdoğan: CHP devletin dediğine kulak vermeliydi, devlete kulak verseler utanacak hale düşmezlerdi. CHP bir milli güvenlik sorunudur.	OBJ
153	Cumhurbaşkanı Erdoğan'ın açıklamalarına dikkat çekti! 	OBJ
154	#KılıçdaroğluAdayOlma diyorlar!	OBJ
155	Metrobüs kazası sonrası olay yerine giden AKP Gençlik Kolları üyesi bir kadın canlı yayın yaparak “Binlerce yaralı ve sayısı belli olmayacak kadar ölü” olduğu iddiasında bulunarak provokasyon yaptı.	SUBJ
156	Öldük battık diye ağlaya ağlaya hakemlerin tüpçü federasyonunun torpilleriyle şampiyon olan Hasan Çebi tam olarak Turk Sporundaki AKP yansımasıdır.	SUBJ
157	TASC, Cumhurbaşkanı Erdoğan ile ABD Türk toplumunu New York'ta bir araya getirdi 	OBJ
158	Adamların ağızındaki lokmayı aldı, çocuklarının geleceğini aldı, yinede AKP diyorlar.	SUBJ
159	"CHP Parti Meclisi Üyesi Nevaf Bilek: ""Diyarbakır, Kürdistan'ın bir parçasıdır.”               "	OBJ
160	BTSO, Yed-i Velayet 7 Vilayet Kısa Film Festivaline Ev Sahipliği Yaptı.	OBJ
161	AYRIMSIZ TÜM KAMU ÇALIŞANLARINA KADRO ŞARTTIR. 	SUBJ
162	HDP ile görüşmeyiz diyen @meral_aksener AKP ile flört ediyor demektir.	SUBJ
163	AKP Doğalgaz ve Elektriğe %20 zam yaptı.	OBJ
164	Gecemize güzel çocuklarımız ile notumuzu bırakılım.  	SUBJ
165	Van'MHP Programının 3 gününde Tuşba Teşkilatımızın tertip ettiği Adım Adım 2023;İlçe İlçe Anlatma ve Aydınlatma programımıza, Genel Sekreter Yardımcısı İzmir Mv Tamer OSMANAĞAOĞLU MYK Üyelerimiz Abdullah BAHADIR Turan ŞENER Burak PEHLİVAN Abdulselam ARVAS ile katılım Sağladılar.	OBJ
166	Bilal Erdoğan: ‘Daha inançlı bir nesil yetişsin istiyoruz’	OBJ
167	Ali Babacan: “Gençlerin barınma ve gıda sorunlarından biraz nefes alıp birkaç saat geçirmeleri gözüne batıyor. Konser dediği o. Bir zamanlar dünyanın en meşhur sanatçıları Türkiye’de konser verdi. Türkiye sanat merkezi haline geldi.	OBJ
168	"Emine Erdoğan (@EmineErdogan): ""(Uluslararası Başarı ve Topluma Katkı Ödülü Programı) Medeniyet karnemiz, zarafetiyle insanı hayrete düşüren bir hayır yarışının örnekleriyle dopdoludur."""	OBJ
169	Tam da Yılmaz Erdoğan dinlemelik bir gece	SUBJ
170	Az önce telefonla bulunduğum mahallenin chp başkanı ilan edildim	OBJ
171	AKP Faşizmi kendine yakışan zulmü uyguluyor.	SUBJ
172	Haberler: MetroPOLL'ün son anket sonuçları bomba!	SUBJ
173	"GÜRSEL TEKİN DEN İYİ PARTİ'YE ""HDP'ye meclis başkanlığı veriyorsunuz, bakanlığa gelince mi iş değişiyor. Başkanlık, bakanlıktan daha mı küçük bir makam? Süreç sağlıklı gitsin diye susuyoruz ama koyun değiliz"""	OBJ
174	Uydu olmayı reddedip, Dik duran, Erdoğan ve Türkiye'yi çekemeyen MUHALEFET KARIŞTI 	SUBJ
175	Önümüzdeki günlerde en çok  duyacağımız cümleler, -Kim ben mi Akp ye oy vermişim ?  -işim yürüsün diye Akp’liyim diyordum birader. -Ne akpsi ben boş oy atıyordum  -ben oy kullanmaya bile gitmiyordum -Oy verdiysem ne olayım  -Sensin Akpli .	SUBJ
176	Mağdruriyetimizin giderilmesi için bölge İdare Mahkemesinin de onayladığı Ek 15 bin atamanın 2020 kpss mağdurlarına iade edilmesini istiyoruz. 	SUBJ
177	Kulis: AKP, Binali Yıldırım başkanlığında Akiller Birimi kuracak.	OBJ
178	Kemal Kılıçdaroğlu ; “Elinizi vicdanınıza koyun !  Benim Erdoğan’dan ne eksiğim var?”	OBJ
179	Kemal Kılıçdaroğlu: 5'li çeteler, varlıkçılar, çantacılar; bu ülkenin ikinci 100 yılında siz olmayacaksınız	OBJ
180	60 bin adet eğitim yardımı çeki AKP'lilere dağıtıldı	OBJ
181	Derdimiz vatan bayrak!	SUBJ
182	Cumhurbaşkanı Erdoğan, Japonya Başbakanı Kişida ile görüştü	OBJ
183	#CANLI | Şanghay İşbirliği Örgütü toplanıyor	OBJ
184	Ne Mutlu Türk'üm Diyene	SUBJ
185	Sahadaki CHP’ anketleri etkiledi: Elazığ, Erzurum, Sakarya, Diyarbakır, Van, Kayseri...	OBJ
186	Ali Babacan: Altı parti bir arada bu seçimi almalıyız , mecliste' ki çoğunluğu almalıyız ! 	OBJ
187	Saat 23.28 ve biz uyumamız gereken bu saatte twit atıyoruz hakkımız olanı almak için.	SUBJ
188	"CHP Grup Başkanvekili Özgür Özel: ""Biz Jön Türklerin, İttihat ve Terakki’nin tarafındayız."""	OBJ
189	#izmir'de siyaset ısındı...	OBJ
190	Toplu konut başvurumu iptal ediyorum ödeyemem #EhliyetAffı olmadan	OBJ
191	Akp’ye hiç oy vermemiş olmanın haklı gururunu yaşıyorum..	SUBJ
192	#Mersin, ülkemizin hayat damarı.	SUBJ
193	Staj sigorta başlangıcı olsun bu büyük mağduriyet son bulsun..	SUBJ
194	geldiğimiz şu noktada bile hâlâ akp diyebiliyosanız pes	SUBJ
195	Akp genel başkanı ne diyor dost ülkelerden aldığımız borçlarla merkez bankası güçleniyor	OBJ
196	Bakan Bozdağ ve AKP’li vekiller, Başbuğ ve Çiçek hakkındaki şikayetlerini geri çekti.	OBJ
197	Kılıçdaroğlu TMO’ya Seslendi: Fiyatı belirleyin Malatyalı biraz nefes alsın	OBJ
198	TAŞERON ŞOFÖRLER Ölüme En Yakın VE Ucuza Çalışan Kişilerdir.	SUBJ
199	BBC Türkçe: ‘Erdoğan, danışmanı Serkan Taranoğlu’nu görevden aldı’ 	OBJ
200	AKP'den Soyer'i destekleyen sözler: İşgalcilerle işbirliği yapanlar tablonun dışındadır.	OBJ
201	Semra Güzel adliyeye sevk edildi.	OBJ
202	Mansur Yavaş aday olması için 6 lı masanın onay vermesine gerek yok.	OBJ
203	Ümit Özdağ ; Süleyman Soylu ile yapacağı dövüş için sıkı hazırlık yapıyor kerata.	SUBJ
204	CHP'nin ücretsiz servis vaadi havada kaldı	OBJ
205	Akparti İstanbul il Divanımıza katılımları ile onurlandıran,Genel Başkanımız, Cumhurbaşkanımız Sayın @RTErdogan Hitapları ile Devam ediyor.	OBJ
206	Bu oylar imzana sonsuz güvendir Ananın ak sütü gibi helaldir	SUBJ
207	Hiç boşuna uğraşmayın!	SUBJ
208	▪️Faşist Erdoğan hükümeti, Zindanlarda kendisinden olmayan insanların yaşam hakkına saldırıp, katletmektdir. 	SUBJ
209	 ERDOĞAN BUNLARI NEREDEN BULUR ANLAMAK MÜMKÜN DEĞİL.	SUBJ
210	Güney Kıbrıs: Savaştan büyük endişe duyuyoruz ama asıl tehdit eden Erdoğan	OBJ
211	UNUTMA!	SUBJ
212	Kılıçdaroğlu, Saadet Partisi Genel Başkanı Temel Karamollaoğlu'nu ziyaret etti 	OBJ
213	Çatalkaya mahallemizdeyiz.	OBJ
214	İKTİDAR STAJIMIZI BORÇLANDIRIR, EMEĞİMİZİ SİGORTA BAŞLANGICI SAYAR  DEDİK.	OBJ
215	Tartışma bitti.	OBJ
216	Zafer beyonur beye soylermisin cumhurbaşkanının söz verip bitirmedigi bir projeyi savunduğu CHP açılmış metro saftlarini kapatti	OBJ
217	#Erdoğan: Enflasyonun düşük faizle ineceğine inanıyorum.	OBJ
218	SALONDAKİ GENÇLER HEP BİR AĞIZDAN BAĞIRDI: ERDOĞAN KIRMADI	OBJ
219	BU ÜLKEDE ADETA HER EVE ATEŞ DÜŞERKEN BU  KANLA CANLA KORUNAN VATAN TOPRAĞI HDP PKK MELUNLARININ ABD NİN OYUNLARINA FEDA EDİLEMEZ BÖLÜNMESİNE MÜSAD EDİLEMEZ	SUBJ
220	İyi Parti Lideri Meral Akşener Şanlıurfa'da Binlerce Kişiyle Karşılandı.	OBJ
221	Osmanlının Anadoluda tek eserini gösterin	OBJ
222	Cumhurbaşkanı Erdoğan, Bosna-Hersek-Türkiye İş Forumu'nda konuşuyor.	OBJ
223	AKP'li taşıma seçmenle, MHP mitingi bile gördük.	SUBJ
224	Size bu basın açıklamasını yaptıran tek duygu VİCDANSIZLIK !!!	SUBJ
225	MHP’nin kurucu üyesi bile artık Ak Parti’ye oy yok dedi!	OBJ
226	Asgari ücretlinin alım gücü, 2001 seviyesine RAMAK kaldı	SUBJ
227	Zillet ittifakı yarınlarımızda perde çekemeyecek, büyük Türkiye'nin doğuşuna engel olamayacak, HDP PKK ve fetö ile çok sıkı bir ittifak içindeler Türkiye düşmanlarının emrindeler	SUBJ
228	Kılıçdaroğlu aday olsa seçim gecesi Işıklar yine sönecek.	SUBJ
229	Akp bayagı inanmıştı heveslenmişti sevinmişti kilictaroglunun aday olacağı için amma meral hanım sevincini hevesini boğazına tıkadı.	SUBJ
230	"TİP Genel Başkanı Erkan Baş: ""AKP’yi, Erdoğan'ı sandığa gömmekle yetinmeyeceğiz. Bir daha ülkemizin başına böyle belalar gelmesin diye onların zihniyetini de tarihe gömeceğiz."""	OBJ
231	"Ulusal Kanal: Devlet Bahçeli: ""Asıl stratejik tehdit ABD'dir""""... "	OBJ
232	Bakanımıza ve Cumhur ittifakına güveniyoruz.	OBJ
233	İYİPARTİ'den İstifa kararı geldi!	OBJ
234	Erdoğan, Moğolistan Cumhurbaşkanı ile görüştü.	OBJ
235	CHP eski Milletvekili Barış Yarkadaş:  “HDP’nin verdiği oyla kazanılan belediyelerden İYİ Partililer ihaleler aldılar, tek tek biliyorum… Konuşturmasınlar beni!”	OBJ
236	ERDOĞAN Demek, TÜRKİYE Demektir...	SUBJ
237	Troller it gibi korkuyorlar telaşları azgınlaşmaları ondan.	SUBJ
238	Cumhur ittifakı asla gizli veya açık pazarlıklar üzerine kurulu değildir.	SUBJ
239	Tesettürlü ya da başörtülü kardeşlerim, CHP ve şürekâsı seçim yaklaştıkça inadına sizlerle poz vererek müslümanların oylarına oynamakta.	SUBJ
240	Akparti Tepeüstü ve ihlamurkuyu mahalle teşkilatlarımız olarak haftalık olağan toplantımızı İlç Bşk Yrd Muhammet Demir Bld Bşk Yrd @YavuzSelimTunc9 İlç gözlemcimiz @MUSTAFA_KTK Mah Bşk nımız Uğur soydaş ve yönetim kurulu arkadaşlarımızın katılımı ile kapsamlı istişare ettik.	SUBJ
241	"Gelecek Partisi Yerel Yönetimler ve Şehircilik'ten Sorumlu Genel Başkan Yardımcımız Sayın Doğan DEMİR, Sayın "" Deniz Tengip ile Kent ve Gündem"" programının konuğu olacak."	OBJ
242	Ben Osmanlı torunuyum diyen bir insan CHP oy veriyorsa o Osmanlı Devleti aliyeyi anlayamayan zavallı bir mahlukat	SUBJ
243	Devlet adamı Devlet Bahçeli, Bursa da kazizmasını sergiledi.	SUBJ
244	“Aday Belli, Karar Net” Mitingine Gelen Devlet Bahçeli Sivaslılara Hitap Ediyor! 	OBJ
245	Kılıçdaroğlu 'HDP'ye Bakanlık' Tartışmasına Doğrudan Dahil Olmadı, 'Kırmızı Çizgi' Vermekle Yetindi.	OBJ
246	Öğretmenler çözüm bekliyor, sesimize kulak verenleri görmek istiyor, sınavsız kıdem yılına göre uzmanlık adil olandır diyor	OBJ
247	"DEVA Partisi Genel Başkanı Ali Babacan:  ""Erdoğan paradan 6 sıfır atılacağını gazetelerden öğrendi. Bana sordu ertesi gün, 'Keşke söyleseydin de ben açıklasaydım niye sen açıkladın' dedi."""	OBJ
248	ERDOĞAN BALKAN TURUNA ÇIKIYOR.	OBJ
249	CHP ye kılıctarogluna O kadar tivit attık stajere sahip çıkmadı görmezden geldi.	OBJ
250	HDP'nin bağlı olduğu siyasi hareket 1990 yılında kurulan Halkın Emek Partisi (HEP) ile başladı. 	OBJ
251	Büyük Lider Kılıçdaroğlu'na Büyük Komplo Var	SUBJ
252	Bu vatanın.. Taşını,toprağını, İnsanını, hayvanını, Denizini, ormanını, seven.. Atatürk'ün izinden giden, Laik Türkiye Cumhuriyeti'nin ilelebet ve sonsuza dek yaşamasını isteyen biri; Türk Milletini Arapların gölgesi altında yaşamaya zorlayan Akp'ye oy vermez!	SUBJ
253	AKP'de bir olaylı boşanma davası daha: Gözaltı, tehditler, ev baskını... 	OBJ
254	 AKPARTİ GERCÜŞ İLÇESİNDE DÜN OLDUĞU GİBİ BUGÜNDE SAHAYI BOŞ BIRAKMIYOR 	SUBJ
255	Muharrem İnce Babala TV'de iki saat hamaset yapınca twitter Memleket Partisi Trolü dolmuş.	SUBJ
256	Kılıçdaroğlu'nun kamp mesaisi başladı.	OBJ
257	1 Haftada 1 Milyon Metrekare Orman Yok Edildi.	OBJ
258	Asıl bize yazıklar olsun	SUBJ
259	Evet arkadaşlar 1 milyon lira kredi ödemem var ve #TOKİ engelli öncelikli ev satıyor.	OBJ
260	Ve Akşener beklenen çıkışı yaptı...	SUBJ
261	Muharrem İnce kadar makam, mevki yetki haketmeyen ikinci bir kisi daha olamaz.	SUBJ
262	Yolsuzluklar AKP nin oyunu düşürmedi,, kötü ekonomi yönetimi düşürdü	SUBJ
263	"İYİ Parti'li Durmuş Yılmaz ile HDP'li Erol Katırcıoğlu'nun aynı masada konferans verdiği ve Yılmaz'ın ""Muhalefetin mutlaka ittifak yapması gerektiğini düşünüyorum"" diye konuşan Katırcıoğlu’nun konuşmasını alkışladığı görüntüler ortaya çıktı. "	OBJ
264	Kemal Kılıçdaroğlu:  Mansur Başkan gerçekten de Ankara'nın Ankara olduğunu, Ankara'nın Türkiye'nin kalbi olduğunu ve Ankara'nın bir başkent olarak diğer 80 ile örnek olması gerektiğini bilen ve bu konuda çaba harcayan bir belediye başkanıdır.	OBJ
265	MHP Lideri Bahçeli: Bugüne kadar zillet ittifakı bölücü terörle arasına mesafe koymamıştır.	OBJ
266	Tayyip isimli futbolcu tehlike abi.	SUBJ
267	Cumhurbaşkanı Erdoğan çok sayıda liderle görüştü! 	OBJ
268	"yıllar yılı düşük bir maaşa, yarım sigortaya razı olup; tercihi daima öğretmekten yana olan ama ""öğretmen"" olarak değil ""ücretmen"" olarak görülen emektarlara kadro verilmelidir."	SUBJ
269	Twitter da anket Millet ittifakı %60 la kazanıyor. 	OBJ
270	"HDP’li Sezai Temelli: ""Bu memleketi başınıza mutlaka yıkacağız."""	OBJ
271	Türkiye de 13 milyondan fazla MÜLTECİ var.	OBJ
272	Yaparsa ERDOĞAN Yapar!	SUBJ
273	CHP liler vatanı bölmeye kararlı!	SUBJ
274	İş güvencesi yok hergün saldırıya uğrayan çok	SUBJ
275	CHP Üsküdar İlçe Başkanı, Fahrettin Altun'un evinin fotoğraflarını izinsiz çektiği gerekçesiyle yargılandığı davada beraat etti.	OBJ
276	Muhalefet çalışmıyor.	SUBJ
277	Kimimiz asgari ücretin 3te1 parasına kimimiz hiç para almadan devletin zorunlu tuttuğu stajı yaptık.	OBJ
278	"CHP'liler hep bir ağızdan; ""Bizim terörist saldırıyı yapan terörist değil, bizim terörist hala dağda"" diye savunmaya geçmiş..."	SUBJ
279	"Camiler kışlamız minareler süngümüz müminler askerimiz diyen Erdoğan şiir okudu diyenlerle ""100 yıl önce bu toprakları yönetenler geflet ve dalalet hatta hıyanet içindeydiler"" diyen Tunç Soyer atamıza küfür etti diyenler aynı kişiler!"	SUBJ
280	Halkevleri: “AKP yoksulların barınma talebini seçim malzemesi yapıyor”	OBJ
281	Bir memur vatandaşına karşı devleti küçük düşürecek böylesi saçmalıklar yapmamalı	SUBJ
282	Evet belki birçok seçim kaybetmiş olduğundan ötürü Kemal Kılıçdaroğlu nun adaylığına sıcak bakamıyoruz ancak bu ucube cumhurbaşkanlığı hükümet sisteminin değişmesi için bence tek güvenebileceğimiz lider de o	SUBJ
283	Eski bir Refah Partili annenin, hâlâ MHP’li bir babanın evladıyım.	OBJ
284	Cumaya gidiyoruz hutbenin sonunda pakistana yardım toplanacak diyo. 	OBJ
285	Eski HDP'li Aysel Tuğluk hastaneye kaldırıldı, durumu ağır.	OBJ
286	KAMUDA SAĞLIKTA %70 MAĞDURU TAŞERONLAR KADRO BEKLİYOR	OBJ
287	CHP'li Karaca: Denizli'de 'depreme dayanıklı değil' denilerek yıkılan okul 4 yıldır yaptırılmadı.	OBJ
288	İmamoğlu görevden alınırsa sokağa çıkmayın Akp ye yarar.	SUBJ
289	Aziz şehrimiz için gece gündüz demeden çalışan ve kendisiyle birlikte çalışmaktan da bahtiyar olduğum Meclis 2. Başkan Vekilimiz, MHP Grup Başkan Vekilimiz Yusuf Demircioğlu Bey'in vefatını derin bir teessürle öğrendim.	OBJ
290	Nedim Şener bir zamanlar cezaevinden çıkıp zır zır ağlayan ürkek gazeteci değil mi? 	SUBJ
291	HDP'ye bakanlık verilebilir çıkışıyla gündeme gelen CHP İstanbul Milletvekili Gürsel Tekin, o açıklamasıyla ilgili yeni bir açıklama yaptı.	OBJ
292	Bahçeli koltuğu bırakıyor.	OBJ
293	!!!! SON DAKİKA !!! çok güvenilir bir kaynaktan bilgi geldi	SUBJ
294	Oy pusulasında 20'den fazla parti var gelmiş diyor ki oy verecek parti mi kaldı AKP giderse her şey iyi mi olacak?	SUBJ
295	"Erdoğan “Kişi başına düşen milli gelir 9.500 Dolar"""	OBJ
296	Beyaz yakanın emeklilikte almayı planladığı yazlık için biriktirdiği parayı, kaşar peynir almaya çalışarak yiyip bitirmesinin ardından ülke chp'yi beklemeden ayaklanacaktır.	SUBJ
297	Sayın Kılıçtaroğlu resmen adaylığı belirtmiş oldu.	OBJ
298	CHP’nin daha önce de sahip çıktığı teröristler tane tane anlatılmış floodda.	SUBJ
299	Kılıçdaroğlu bu ülkede iktidar tarafından insanların kutuplaştırıldığını söylüyor.	OBJ
300	AK Partili Kırkpınar Kemalpaşa’da çiftçilerle buluştu.	OBJ
301	Çok nankörsünüz.	SUBJ
302	kendi itiraflarından anlaşılıyor ki bir taraftan @herkesicinCHP ve şürekâsı, diğer taraftan mafya TÜRKİYE'yi idare etmeye değil akparti ve akpartiye oy verenleri hapse atmaya Geliyor.	SUBJ
303	CHP Tanju Özcan kararını verdi.	OBJ
304	Nöbet kutsaldır.	SUBJ
305	"CHP'li İBB Başkanı Ekrem İmamoğlu'nun ""Neydi, Ne oldu"" diye tweet attığı Topkapı surlarında ki çöp yığınlarının olduğu gibi durduğu ortaya çıktı"	OBJ
306	▪️CHP Elazığ Milletvekili Gürsel Erol, sosyal medya hesabından Kılıçdaroğlu ve İmamoğlu ile bir fotoğrafını paylaştı.	OBJ
307	CHP'li Barış Yarkadaş: İYİ Parti’de Koray Aydın ve Yavuz Ağıralioğlu’na yakınlığıyla bilinen Samsun Mv. Bedri Yaşar, sahibi olduğu Oğuz Ata Mimarlık Mühendislik firması aracılığıyla Mansur Yavaş'ın Ankara Büyükşehir Belediyesi’nden 107 milyon liralık ihale alıyor.	OBJ
308	Bu Adam koltuk makam sevdalısı olsa.. CHP’nin her dediğini kulak ardı eder keyfine bakardı.! 	SUBJ
309	ÇAVDAR : KILIÇDAROĞLU YALANCILIK YAPMAYA DEVAM EDİYOR.	OBJ
310	Cumhurbaşkanı Recep Tayyip Erdoğan tarafından açıklanan TOKİ 250 bin sosyal konut projesinde Muğla’ya 2020 yılında yapılan ihaledeki 500 konut ile birlikte toplam 2 bin 600 sosyal konut yapılacak.	OBJ
311	Gaziler arası ayrım olmaz.	SUBJ
312	SN DevletBahçeliye atıf olarak.#EhliyetAffı İhtiyaçtir,Zorunluluktur,Mecburidir,Hayat memat meselesidir,Olmazsa olmazdir. 	SUBJ
313	CHP'li tosuncuk 1 milyarlık vurgun yapmış!	SUBJ
314	Herzaman milletinin yanında .	SUBJ
315	Başkan Erdoğan Bosna Hersek'te resmi törenle karşılandı! 	OBJ
316	18 Eylül 2022 Pazar günü Kayseri Cumhuriyet Meydanında MHP mitingi düzenleneceğini ve emniyetin Pazar günü Cumhuriyet Meydanının kapalı olması nedeniyle sınava girecek öğrencilerin mağdur olmaması için alternatif yolları kullanması gerektiği hakkında bir açıklama yaptı.	OBJ
317	İYİ Parti Körfez Teşkilatı 30 Ağustos Zafer bayramında Körfez'i ayağa kaldırdı 	SUBJ
318	AKP’li Hilmi: “Almanya'dan bir izleyici yazmış, et fiyatı 4 yılda 8 eurodan 16 euroya çıkmış.”	OBJ
319	➖ 6+1 ittifakı mensupları milletin yüzüne bakamayacak.	SUBJ
320	ÜLKEMİZDE EN ÖNEMLİ SORUN A D A L E T S İ Z L İ K 	SUBJ
321	Kırsal kesimde bir daha tur attım. 	OBJ
322	Kuduz ve kudurmuş aşağılık şerefsiz uşak @ozguradamTurk ve #Akp/#AKParti kime ne zaman ve nasıl saldıracağının şaşkınlığı içindeler.	SUBJ
323	Ülke Ekonomisi Kriz'deyken Boş İşlerle Uğraşan Partinin Adı AKP'dir...	SUBJ
324	Kılıçdaroğlu nun aday olması moral bozar,	SUBJ
325	Milli bekamızı ve egemenlik haklarımızı zedeleyecek, tahrip edecek, zaafa uğratacak hiçbir dayatmaya boyun eğmeyeceğimiz herkesçe çok iyi bilinmelidir. MHP Genel Başkanı Devlet BAHÇELİ	OBJ
326	Hani çatı aday çıkarmıştın ya bir ara bayağa bir çatıydı, o zaman bile bu kadar düşünmedin, şimdi tam cuk oturan biri var.	SUBJ
327	Mehmet Ali Erbil, AKP iktidarı hakkında beyanda bulunuyor.	OBJ
328	Adını MHP Lideri Devlet Bahçeli koymuştu: Radyo Efebey yayın hayatına başladı.	OBJ
329	NATO'da Türkiye ile Yunanistan mukayese edilemez. Recep Tayyip Erdoğan Cumhurbaşkanı 	OBJ
330	Yahu siz ısrarla niye İYİ parti ile Hdp yi biraraya getirmeye çalışıyor ve hala anlamıyorsunuz bu abesle iştigal.	SUBJ
331	MetroPOLL yöneticisi: Erdoğan, Yavaş’ı perişan eder; İYİ Parti hayal görmesin	OBJ
332	Cumhurbaşkanı Erdoğan ve Emine Erdoğan, ABD Başkanı Biden ve eşiyle hatıra fotoğrafı çektirdi.	OBJ
333	Kıbrıs'ta sahne alan Genco Erkal yoğun bakıma kaldırıldı!	OBJ
334	CHP'li vekiller yine PKK yerine, MİLLETİMİZE saldırıyor	SUBJ
335	"Cumhurbaşkanı Erdoğan duyurdu DEAŞ'ın en önemli üst düzey yöneticilerinden ""Abu Zeyd/Üstad Zeyd"" kod adlı terörist Bashar Hattab Ghazal Al Sumaidai Türkiye’de yakalandı."	OBJ
336	Erdoğan, Modi ile bir ortaya geldi	OBJ
337	CHP’li İstanbul ile AKP’li Gaziantep belediyesinin çocuklara dağıttığı okul çantaları sosyal medyada gündem oldu.	OBJ
338	Piktes öğretmenleri özlük haklarının iyileştirilmesini istiyor.	OBJ
339	 Erdoğan sosyal konut projesinin detaylarını açıkladı, ekonomistler projeyi değerlendirdi.	OBJ
340	CHP’nin dilinden düşürmediği bir algı nakaratı vardı, “megri.. megri, Oslo, Habur”	SUBJ
341	ATRIK ZAMAN DARALDI GELİYORUZ.	SUBJ
342	Kaybedecek bir 5 senemiz daha olmadığı için, Türk milleti'nin isteklerine göz yumduğunuz için, Akp'ye çanak tuttuğunuz Hdp'ye göz kırptığınız için #yanındadeğilim	SUBJ
343	"Kılıçdaroğlu'na sunulan ""mafya-siyaset-ticaret"" raporu: Türkiye, kara para cenneti oldu; narkopolitik iktidar kuruldu."	OBJ
344	Kemal Kılıçdaroğlu ABD'ye gidiyor!	OBJ
345	15 Temmuz Darbe Girişimi'nden sonra gözaltına alınıp tutuksuz yargılanmak üzere serbest bırakılan, aynı soruşturma kapsamında FETÖ'den iddianame hazırlanan DEVA Partili İdris Şahin, terör örgütü FETÖ’ye cemaat demeye devam ediyor.. 	OBJ
346	Cumhurbaşkanı Erdoğan Almanya Başbakanı Scholz ile bir araya geldi.	OBJ
347	Cumhurbaşkanımızın sözü olan Engelli Memur adaylarına tek seferde 12 bin atama müjdesini bekliyoruz lütfen sesimizi duyun.	OBJ
348	Unutmayın o staj çıraklık okuluna gidenler bu ülkenin sanayisini ayakta tutuyorlar.	SUBJ
349	Sedat Peker @sedat_peker öyle veya böyle @RTErdogan @suleymansoylu @Akparti ve çevresinin pisliklerini belgeleriyle açıklıyor.	SUBJ
350	Putin, Ukrayna’nın 4 bölgesinin Rus topraklarına katılmasına ilişkin belgeleri imzaladı.	OBJ
351	CHP'li ince belli beyaz tenli kızıl saçlı kızlar gerçek değil, sana zarar veremez.	SUBJ
352	#YardımcıHizmetlereGİH geçmelidir ve 110 bin yhsli memurun mağduriyetini bitirilmelidir.	SUBJ
353	Chp ip hdpkk ile birlikte çünkü Türkiye ve Müslümanı sevmezler	SUBJ
354	Zabıtanın taşeronu olmaz diyen çalışma bakanımız kadro hakkımızı veremeden gitti.	SUBJ
355	Ülkemizi yönetecek makama gelecek bir yetkili mansur başkan gibi olmalıdır.	SUBJ
356	BAĞIRA BAĞIRA ERDOĞAN'A SESLENDİ! 	OBJ
357	Tr'nin bir kalkınma paradigması yok, güvenlik paradigması var.	SUBJ
358	Yüz Yüze Gönül Gönüle İstanbul İstanbul İl Başkanlığı Genişletilmiş İl Danışma Meclisinde İl Başkanımız Sn. Osman Nuri Kabaktepe hitab ediyorlar.	OBJ
359	Bu saçma sistem ve çark düzeninin bir an önce bozulması için sadece Chp'lilerin değil, mevcut düzenden memnun olmayan tüm muhalif kesimin #yanındayım demesi lazım. 	SUBJ
360	Barış yarkadaş Mansur Yavaş a saydırdığında planı anladım..	SUBJ
361	Meral Akşener’in danışmanı Fatih Demirkol: “Son noktayı Sayın Meral Akşener koyar.” diye tweet atmış.	OBJ
362	Abdullah Gül'ün cumhurbaşkanlığına aday olma ihtimali yeniden gündeme gelmiş.	OBJ
363	İYİ Partili yetkililerin HDP ye ve ittifaklarına salladıklarına bakmayın korkuları MHP nin Sivas mitingindeki coşkudan ibaret. 	SUBJ
364	bay keMAL aday ol ha bir eksik yenilgi ha bir fazla yenilgi senin kitlen için farketmez	SUBJ
365	Ben, bir çoğunuzun aksine Kemal Kılıçdaroğlu’nu bırakın ceketini, ceketinin düğmesini ve ya düğmenisinin ipliğini koysa oyumu vereceğim.	OBJ
366	Kabine Toplantısında #GenelAf Gündeme alınmalı.	SUBJ
367	HDP'li Bülbül: Ayağa kalkma zamanı.	OBJ
368	Fransa sokakları karışmış	OBJ
369	CHP Genel Başkanı Kılıçdaroğlu, İzmir'de iş insanlarıyla buluştu.	OBJ
370	SN ERDOGAN ENGIN TERCÜBESI VE SIYASETDE DÜNYANIN EN DENEYIMLI LIDERI OLDUGUNU KONUSMASI ICRAATI ILE DÜNYADA KARSILIK BULUYOR SEVILIYOR.	SUBJ
371	10 Milyon Adli Mahkum Ailesi Evlatlarının Adil Yargılanmadığını Ve Haksız Cezalara Çarptırıldığını Söylüyor.	OBJ
372	Cumhuriyet: DEVA Partisi İstanbul İl Başkanlığı, ÖSYM binası önünde 'KPSS nöbeti' tutmaya başladı...	OBJ
373	Erdoğan canlı yayında Selvi ve Ahmet Hakan'a talimat vermişti.	OBJ
374	‘Kahramanlık’ sorgulanır oldu.	SUBJ
375	Erdoğan Tehdit Etti!	OBJ
376	Görevini yapan Polise şerefsiz diyen AKP milletvekiline sesi çıkmayan EGM polisin hak hukuk adalet mücadelesine destek olduğum için hakkımda suç duyurusunda bulunmuş.	SUBJ
377	Bazıları, 6'lı masayı HDP desteklerse oy vermeyeceklerini söylüyorlar.	OBJ
378	Bu adam AK Parti Belediye Başkanımı yoksa Chp Belediye başkanı mı , sürekli Ekrem’e methiyeler diziyor .	SUBJ
379	Erdoğan: Kampanyaya İstanbul'da hane geliri 18 bin, diğer illerde 16 bin lira altında olan vatandaşlarımız başvurabilecek.	OBJ
380	Altılı çete akşener prangası bay kemel adaylığına asla evet demiyecektir.	SUBJ
381	tecrübeli okul güvenlikleri pandemi döneminde insanlar camdan dışarıya bakmaya korkarken,hastaneler postanelerde devletimizn görev verdiği her alanda devletimizn yanında olduk.	SUBJ
382	İstanbul'da suya %40.38 zam yapıldı.	OBJ
383	Çapsız-Fasafiso CHP'nin mazot dağıtım töreninde traktöre mazot verilemedi.	SUBJ
384	Tutku & Semih çiftinin düğün merasimine katıldık. 	OBJ
385	SuperHaber: HDP'den itiraf niteliğinde açıklama: CHP'ye oy verdik...	OBJ
386	Meral Akşener ve Ekrem İmamoğlu buluştu.	OBJ
387	Adil yargilanmadik.	SUBJ
388	Geleneksel Malatya Tanıtım Günleri kapsamında standımızı ziyaret eden AK Parti MKYK Üyesi Sayın Metin Külünk'e kayısı çekirdeği kahvemizden ikram ettik.	OBJ
389	Kemal Kılıçdaroğlu aday olma senden olmaz.	SUBJ
390	Jeotermal elektrik kapasitesi 10 yılda 100 kat arttı.	OBJ
391	Chp li Tekin Hdp ye bakanlık verilebilir tartışması gerçekten kabak tadı verdi artık.	SUBJ
392	MHP Sarıçam ilçe Teşkilatı olarak vefat eden Türkgün Gazetesi Çukurova Bölge Temsilcisi Ülkücü Hareketin emektarı, kıymetli yol arkadaşımız İbrahim İspaha ‘nın cenaze merasimine katıldık.	SUBJ
393	Erdoğan ABD’ye gitti: BMGK’ye katılacak.	OBJ
394	Mağduriyetin önemlisi-önemsizi yok.	SUBJ
395	Federal Alman Hükümeti, acil tasarruf önlemleri ile enerji tedarikini güvence altına almak istiyor.	OBJ
396	Hakan Atilla'dan Ali Fuat Taşkesenlioğlu yorumu: Nasıl Halkbank Genel Müdürü oldu anlayamadım, belki Babacan biliyordur	OBJ
397	Cumhurbaşkanı Erdoğan, Serkan Taranoğlu'nu görevden aldı.	OBJ
398	EYT'lileri dinlemeyip Belediyeleri kaybettiniz...	SUBJ
399	Mansur Yavaş ilk defa CHP'li bir bürokratı görevden aldı.	OBJ
400	Sokak röportaj’ına teyze imza atmış Ankara’da Mansur Yavaş, Erdoğan mı sorusunu kapak yapmış.	SUBJ
401	,AKP,ABD Başkanı Biden ile 2022 model MONDROS mütareke imzalamış	SUBJ
402	Batı Trakya ve adalara yığılan silahlar bizim için anlam ifade etmez çünkü gücümüz bunların çok ötesinde ama bunun gizli işgal anlamına geldiğini hatırlatırız. -Recep Tayyip Erdoğan 	OBJ
403	2020 KPSS öğretmenlerinin hakkı açıkça yenmiştir!	SUBJ
404	Hakkını arayan doktorların ve öğretmenlerin işçilerin,İNSANLARIN coplandığı AKP demokrasisinin tadını yine Taliban militanı teröristler çıkardı...	SUBJ
405	Son günlerde 6 lı masanın dağılacağı yönündeki görüşlerin arttığı dikkate alındığında, bu ittifakın ilk turda herkesin kendi adayını çıkararak CB seçimini 2. tura taşımak. ve 2. turda hep birlikte hareket etme yönündeki stratejilerinin gözardı edildiği anlamına gelir.	SUBJ
406	Meral Akşener bugün Urfa’da rozet takacak.	OBJ
407	Spaces odalarında İyi parti güzellemesi yapan yeni dünya düzencisi sözde Atatürkçü Hdp yanlaması CHP’li arkadaşlar şu anda Barış Yarkadaş üzerinden yapılan operasyonu alkışlıyor.	SUBJ
408	Hdp ye Bakanlık verecek kadar düştünüz demek ki.	SUBJ
409	"Meral Akşener, ""Ben MHP'den daha milliyetçiyşim!"" diye kurdu bu partiyi.."	OBJ
410	Ebru Günay: Hangi masada olduğumuz biliniyor.	OBJ
411	Sayın @RTErdogan @Akparti @erkankandemir @MustafaSentop @tcbestepe Çorlu ilce başkanınızın size ve bu millete ihanetine bakarmisiniz	SUBJ
412	MHP Sarıçam ilçe Teşkilatı olarak Kürkçüler Dağcı mahalle sakinlerimizden vefat eden Zübeyde Erdem ‘in taziye merasimine katıldık.	OBJ
413	Doğu Akdeniz'de Karadenizde doğal gaz rezervini bulup üzerine petrol rezervi bulup, çıkarıp satmaya başlasak bile CHP'nin vaadleri'nin gerçekleşmesini karşılamaya yetmez...	SUBJ
414	Başkan Erdoğan      Özbekistan'a Gitti.	OBJ
415	MHP @kamilaydinmhp: Allah’a şükür o tematik günde #Sivas’la başlayan miting süreçleri, daha sonra #Bursa ile devam etti, #Kayseri ile zirveye ulaştı, #Erzurum’la çok güzel bir final yapacağız İnşallah. 	OBJ
416	"MHP lideri Devlet Bahçeli: ""Yunanistan yönetimi ayağımızın altında dolaşmaktan vazgeçmelidir. Taciz ve tahriklerine derhal son vermelidir. Adalar helal-i hakkımızdır. Sabrımızı zorlamasınlar"""	OBJ
417	Başkan Soyer CHP’nin kuruluşunun 99. yıl kutlamasına katıldı.	OBJ
418	İki yüzlü avrupa 60 senedir türkiyeyi oyalıyor.	SUBJ
419	Emine Erdoğan, Türkiye’de engellilere hizmet veren ilk halk eğitim merkezinin açılışını yaptı.	OBJ
420	Ümit Özdağ ‘senaryosu’: Kılıçdaroğlu kazanırsa Türkiye’de iç savaş başlar.	SUBJ
421	Kemal Kılıçdaroğlu en az %60 oyla Cumhurbaşkanı olacaktır.	SUBJ
422	AKP ve MHP için tehlike çanları çalıyor.	SUBJ
423	Cumhurbaşkanı Erdoğan ve Rusya Devlet Başkanı Putin; Şangay İşbirliği Örgütü Zirvesi'nde bir toplantıya kol kola yürüyerek girdi.	OBJ
424	CHP Genel Başkanı Kemal Kılıçdaroğlu'nun kendisine destek mesajı istediğini açıklamasından sonra İyi Parti Genel Başkanı Meral Akşener'in danışmanı Fatih Demirkol'dan 6 kelimelik cevap geldi.	OBJ
425	borsa istanbulada manüpülasyonla tüm paramız gitti.	SUBJ
426	RECEP TAYİP ERDOĞAN HADDİNİ BİLECEK YA DA KAFASINI EZE EZE HADDİNİ BİLDİRECEĞİM.	SUBJ
427	Konuşulan torba yasada BELEDİYE ŞİRKET İŞÇİLERİ nin de olması gerekiyor.	SUBJ
428	Başkan Erdoğan başkanlığında Eylül ayının son Kabine Toplantısı Beştepe'de toplandı.	OBJ
429	YILLARDIR BİR GÖÇÜK ALTINDAYIZ , SESİMIZI DUYAN VAR MIIIIIIIII !!!!! 	SUBJ
430	Kutlu Hareketimizin 21. Yılında Cumhurbaşkanımız Sayın @RTErdogan’ın gönderdiği mektubu teşkilatımızın eskimeyen neferlerinden Emine Erdoğan Hanımefendiye takdim ettik.	SUBJ
431	takiplicegim komik kimse yok.	SUBJ
432	Pervin Buldan’dan hadsiz açıklama: Kürdistani ittifak kuracağız	SUBJ
433	Tek parti döneminde, seçilme hakkı alarak CHP'den Meclise giren ilk 18 kadın vekilin 3'ü Rum, 15'İ Yahudi, Olduğunu biliyormuydunuz?	OBJ
434	TÜRKİYE CUMHURİYETİNDE 1 TANE ZEKİ AHLAKLI DÜRÜST BİR SİYASETÇİ GÖSTERİN DESEM 1 KİŞİ GÖSTEREMEZSİNİZ.	SUBJ
435	"Emine Erdoğan (@EmineErdogan) : ""( Uluslararası Başarı ve Topluma Katkı Ödülü)Türkiye'nin insani yardım tecrübesi, bir dış politikadan çok daha fazlasıdır."" "	OBJ
436	Diken: Kılıçdaroğlu SPK'yı ‘uyardı': Fitil fitil burunlarından getireceğim... 	OBJ
437	ekrem imamoğlu metrobüs kazaları başıboşluktan değil de metrobüs sayımız arttığı için gerçekleşiyor derse yine inanırlar.	SUBJ
438	Neymiş sosyal medyada sürekli dezenformasyon yapılıyormuş, bu yüzden yasa gerekiyormuş. 	SUBJ
439	şöyle ki; kılıçdaroğlu'nun şöyle bir videosu olaydı eğer, bu lafları o etseydi, ne kk kalırdı geriye, ne de chp. 	SUBJ
440	"CHP'li Yıldırım Kaya, 2 aydır suları akmayan Gölyazı'da:  ""5 bin nüfuslu kasabayı susuz bırakmaya hiç kimsenin hakkı yok"""	OBJ
441	AKP trolü Abdurrahman Uzun 9 Eylül’ü hedef aldı: ‘K…larından yeni bir kurtuluş tarihi oluşturmaya çalışıyorlar’ 	SUBJ
442	Sayın Cumhurbaşkanım @RTErdogan MEB bakanı düşük puanlilar atandiysa istifa ederim demiş.	OBJ
443	AKP giderse haksız yere kazandığı milyonlardan olacağını bilen AHLAKSIZ HİLMİ tayyip kime saldırırsa ona saldırıyor !	SUBJ
444	MHP, siyasal İslam'a olan evrimini tamamlayacak.	SUBJ
445	Aç bırak itaat etsin, cahil bırak biat etsin! 	SUBJ
446	“Ahmet Kerse, Ali Bülent Orkan, Cengiz Baktemur, Cevdet Karakaş, Fikri Arıkan, Halil Esendağ, İsmet Şahin, Mustafa Pehlivanoğlu, Selçuk Duracık ve daha nice binlerce ülkü eri, ülkü şehidi unutulmaz, unutulamaz.” Liderimiz Devlet Bahçeli	OBJ
447	İYİ Parti Yozgat İl Başkanı Metin Özışık, CHP Genel Başkan Yardımcısı Gürsel Tekin'in HDP'ye yönelik açıklamaları sonrası CHP ile ittifak halinde olan partisinden istifa etti. 	OBJ
448	Demokrasinin kara lekesi 12 Eylül 1980 darbesi, Türk milletine ağır sonuçlar bıraktı.   	SUBJ
449	Burada yargılanan Ekrem imamoğlu değildir; 16 milyon istanbul'ludur. 	SUBJ
450	Bu adam ülke için çok önemli.	SUBJ
451	HDP ile İYİ Parti arasına kara kedi girmiş.. 	SUBJ
452	Öncelik Tarım Danışmanları olmalıdır.	SUBJ
453	İranda MAHSA AMİNİ Polis taragindan öldürülmemiş. 	OBJ
454	Ulan it Adayımız yıpranır diye açıklayamıyorsunuz.	SUBJ
455	Meral Akşener: “5 vekilimiz vardı,bizi seçime sokmayacaklardı. CHP’den 15 vekili ben istedim.”	OBJ
456	6 sı değil 60 tanesi bir araya gelse Ülke için beş kuruşluk faydası olmayan muhalefete mi oy verelim	SUBJ
457	Altılı masa artı hdp öyle sırıtıyorlarki Narkozu çok tesirli olanlar malesef uyumaya devam. 	SUBJ
458	"AKP kurucularından Fatma Bostan Ünsal: ""Ekonomik kriz var çünkü basın özgür değil, ifade özgürlüğü yok."""	OBJ
459	Dünden bugüne nice insanlar değişti gelip gitti fakat düşünce hep sabit kaldı.	SUBJ
460	 600.000 Sözleşmeli ve Aileleri Kadroyu Verecek Bir Babayiğit Bekliyor	SUBJ
461	AKP'de #9Eylül ve @tuncsoyer hazımsızlığı devam ediyor.	SUBJ
462	Arduç: Kemal Kılıçdaroğlu ile birlikte halk düşmanlarından hesap soracağız	OBJ
463	Cumhurbaşkanı Erdoğan, gençlerin çay davetini kırmadı. 	OBJ
464	Süleyman soylu nün istafasi devamlı gündem oluyor.	SUBJ
465	Cezayir'in petrol aramalarını artık Türkiye yapacak.	OBJ
466	"Cumhurbaşkanı Recep Tayyip Erdoğan, ""Rusya hafife alınacak bir ülke değil” "	OBJ
467	MHP'li Yalçın: 6+1 Zilleti dökülmeye başladı. 	OBJ
468	Altay eski başkanı Mehmet Erdoğan hayatını kaybetti.	OBJ
469	Sayın Bakanımız @vedatbilgn Kesin bir dille Staj EYT ile birlikte SSK başlangıcı olacak dedi. 	OBJ
470	"HDP Sözcüsü Ebru Günay’dan Akşener’e:  ""Hiçbir HDP’li senin olduğun masaya gelmez; hatta oturduğun kıraathanede çay içmez."" "	OBJ
471	Ahmet Taşgetiren: HDP yüzde 50 artı 1 oy alabilse sistemimiz ne yapardı? 	OBJ
472	Yine millet kazanacak, yine ahlak ve adalet kazanacak; her zamanki gibi milliyeti belirsiz olan fesat yüzler kaybedecektir. Devlet Bahçeli	OBJ
473	Perinçek ve bahçeli Rusya'da başlatılan seferberlik çağrısına uyup gitmelidir	SUBJ
474	her şey çok güzel oldu erkan imamoğlu sonunda kız kulesini de yıktı	SUBJ
475	Erdoğan CHP'yi hedef aldı: Bir milli güvenlik sorunudur dedi. 	OBJ
476	Ali Babacan: “Dersim, tarih boyunca ayrımcılığa, haksızlığa maruz kaldı. Bunu çok iyi biliyorum. Sözü yasaklayarak acıları saramazsınız. Sorunları inkâr eden, o sorunu hiçbir zaman çözemez.”	OBJ
477	"Sorsan mansur ip lilere verecek ihaleyi tabii kime verecek derler ama Erdoğana gelince"" beşli çete"" o hepsini bize versin diyorlar..."	SUBJ
478	#İstanbulYargılanıyor diyenlere; imamoğlu İBB başkanı olarak değil, ekrem olarak yargılanıyor.	SUBJ
479	Tarım Danışmanları Köymer ve Targelde olduğu gibi Kadroya alınmalıdır.	SUBJ
480	Ne manyak adamlarla muhatap oldum tahmin bile edemezsiniz.	SUBJ
481	AKP’li troller dalga geçmişti! 	SUBJ
482	İzmir'deki 9 Eylül kutlamalarında Osmanlı Devleti’ne karşı nefret dolu sözler söyleyen CHP'li İzmir B.B.B Tunç Soyer, bu sefer de çirkin ifadeler kullanarak Sultan Vahdettin’i hedef aldı: 💬“Vahdettin ile Mustafa Kemal'i aynı anda savunamazsınız. Hain Vahdettin vatanı terk etti”	SUBJ
483	MHP genel sekreteri: Seçim bir ay erkene alınabilir	OBJ
484	Bu seçmen yapısında ve seçmen algısında halkın teveccüh ettiği aday dışında aday gösterildiğinde bilin ki millet ittifakı nal toplar... 	SUBJ
485	MHP ,li  Devetci Türkan Fidan Hanfendiyi Diyarbakir il Başkanligina Daha Uygundur.	SUBJ
486	Başkan Recep Tayyip Erdoğan yeni TOKİ müjdesini açıkladı: Konut ve işyeri alanlara büyük indirim geliyor!	SUBJ
487	Ülkede terör bitsin isteniyorsa öncelikle CHP’de temizlik yapılmalıdır. 	SUBJ
488	uçan araba yapıyorduk, uzaya kendi roketimizi gönderiyorduk, yerli ve milli uçağımız göklerdeydi, kendi tankımız mesela, elektrikli traktörümüz tarladaydı, Cumhuriyetin en büyük projesi sosyal konut mu oldu ?	SUBJ
489	Eski CHP'li vekil ve gazeteci Barış Yarkadaş, Gürsel Tekin’in HDP çıkışını eleştiren İYİ Parti’nin CHP'li büyükşehir belediyelerden aldığı ihaleleri öne sürerek samimi bulmadığını ifade etmişti.	OBJ
490	Kılıçdaroğlu'ndan İmamoğlu davası hakimine: 'Yargı için yüz karası olmak istemiyorsan vicdanına göre karar vereceksin, talimata göre değil' 	OBJ
491	Edirne'nin Uzunköprü Chp Belediyesinden sonra,  Antalya Chp Belediyesi de milletin parasıyla 58 adet yunan tanrıça heykeli dikti.	OBJ
492	"İlçemizde Açılan Orhanize Sanayi Bölgesin""nin Açlmasın""da Üstün Gayretler Sarfeden Çarşamba Ticaret ve Sanayi Odası Başkanı Syn Ahmet Yılmaza Deva partisi Çarşamba İlçe Başkanlıgı Olarak Pilaket Taktim Ettik."	SUBJ
493	Söylenecek sözün, atılacak tweetin anlamı yok artık.	SUBJ
494	Ankara emniyeti dahil herkesin suçu var ama bu Ömer Erdoğan denen gevşek olayların buraya gelmesinin başrol oyuncusu.	SUBJ
495	Ambarlı Mahallemizin sandık kurulu üyelerimizle toplantımızı İl sorumlumuz Sn. Serkan Güleç Başkanımızın katılımıyla gerçekleştirdik. 	OBJ
496	Atakan, Mert Hakan, Doğucan gib rakip kırmızı alsın diye her türlu tiyatroyu yapan topçular, Ömer Erdoğan gibi geldikleri ilk an ergen taraftar gibi davranan lisanslı hocalar (!) ile yerimiz uefa sıralamasında 20 den yukarı çıkmaz.	SUBJ
497	Baş Fondaş İngiliz BBC kanalı, isimsiz(!) CHP'li yöneticilerle röportaj yaptığını belirterek 'aday belirlenmesi konusunda geç kalındığını' manşetlerine taşıdı.	SUBJ
498	CB #Erdoğan : Sadece bu ayın 22 gününde Osmangazi Köprüsü'nü günde ortalama 51 bin araç kullandı. Araç garanti oranı yüzde 116'ya, garanti rakamının üstüne çıkmış durumda.	OBJ
499	Erdoğan: İki kadını batıl davaları için feda etti 	OBJ
500	150 yıldır Barkan ailesinin yaşadığı Üsküdar'daki yalı, CHP'li İBB tarafından hukuki süreç beklenmeden boşaltıldı.  	OBJ
501	DEVA Bursa: Hayat pahalılığı eğitimde fırsat eşitliğini zedeliyor 	OBJ
502	Kemal kılıçdaroğlu aday olursa oy vermem diyenler ? Başarısız birine, defalarca kaybetmiş birine destek olmak geleceğimize köstek olmak demektir.	SUBJ
503	Menderes'i darağacında bilerek iki saat acı çekerek öldürmenin günahı CHP ye aittir.	SUBJ
504	İlk turda işi bitireceğinden adım gibi emin olduğum Mansur Yavaş'ın aday olmasını isterim ama aday olma ihtimali %0 görüyorum.	SUBJ
505	Geç gelen adalet, Adalet değildir.	SUBJ
506	"Ahmet Davutoğlu, F-TÖ elebaşı Gülen için ""Hocaefendi demedim, ne konuştuğumu bilirim"" demesi sonrası izleyiciler Ahmet Davutoğlu'nun Türkçe Olimpiyatları'ndaki konuşmasını dinletti."	SUBJ
507	Celal Kılıçdaroğlu, ağabeyi Cumhuriyet Halk Partisi Genel Başkanı Kemal Kılıçdaroğlu hakkında şunları söylüyor: Ağabeyim Kemal iktidara gelirse mültecileri tehcir edecek, yerlerini Rumlar alacak.	OBJ
508	Erdoğan: Gelirleri yılbaşında önemli halde yükselteceğiz	OBJ
509	Almancıların yatacak yeri yok. 	SUBJ
510	"Kulis habere göre bazı AKP'liler ""Mansur Yavaş aday olursa işimiz zor"" diyormuş. "	OBJ
511	Ulan hayallerimizi çaldılar yetmedi gençliğimizi çaldılar. 	SUBJ
512	Mansur Yavaş'ın adaylığı zarurettir. 	SUBJ
513	"CHP Genel Baskan Yardimcimiz Sayın @oguzksalici ve Parti yöneticilerimizin katılımıyla 17.09.2022 Cumartesi günü saat: 13:30 da Van Ticaret ve Sanayi Odası Toplantı Salonunda ""ÜYE KATILIM TÖRENİ"" düzenlenecektir."	OBJ
514	SuperHaber: CHP'li Veli Ağbaba, kadın teröristi Meclis'te böyle ağırlamıştı…	OBJ
515	"Türk askerleri Sefter Taş ve Fethi Şahin'in Suriye'de yakılması emrini veren ""IŞİD Kadısı"" Alwi'nin adli kontrol şartıyla serbest bırakıldığı ve Gaziantep'te esnaflık yaparak dükkan işlettiğini biliyor musunuz?"	OBJ
516	"Üfürükçülerini büyücülerini neleri varsa hepsini bir araya getirip REİS""in karşısına çıkarsalar nafile tarih yazacağız tarih."	SUBJ
517	Doğalgaz ve elektriğe zam geldi.	OBJ
518	Bizler Bakanlığa bağlı kamu çağrı merkezleriyiz ve taşeron firma ile hizmet veriyoruz.	OBJ
519	Muharrem İnce’nin sesini duyuyorum. 	OBJ
520	Mansur Yavaş’a karşı halkta bir teveccüh var. 	SUBJ
521	"Murat Karayılan: ""AK Parti ve MHP'ye verilen her oy, PKK'ya sıkılan mermidir."""	OBJ
522	Ali Babacan: Biz gelince iş imkânları çoğalır	OBJ
523	Bugün kendi aramızda kavga etmenin zamanı değil,bırakın hırsları.	SUBJ
524	CHP'li Faik Öztrak'tan faiz kararına tepki: 'TCMB'nin arka kapısından satılan döviz miktarı daha da artacak'	OBJ
525	DEP Döneminde Milletvekilimiz Mehmet SİNCAR Anma programına Eş Genel Başkanımız Pervin BULDAN,Beld. EşBaşkanları Ahmet TÜRK, Figen ALTINDAĞ Miletvekili Pero DÜNDAR, İL Yönetimimiz İlçe Yönetimlerimiz ve Barış Annelerimizin katılımıyla gerçekleştirdik.	OBJ
526	Tele1 Uygulamasından CHP Lideri Kemal Kılıçdaroğlu TELE1’e konuk oluyor. 	OBJ
527	Chp,İyi Parti,bu kafayla giderse ükeyi şeriat devletine jein çevirecekler,nokta.	SUBJ
528	AK Parti Dilovası İlçe Başkanlığımızdayız.	OBJ
529	"Cumhurbaşkanımız Sayın Recep Tayyip Erdoğan  ""Kimsesizlerin kimsesi olmak bizim için şereftir."""	OBJ
530	Chp Ulusalcıların Cehaletine Teslim Olmamalı	SUBJ
531	Yunan'ın Ege ve Trakya'daki şımarıklığına Cumhurbaşkanı Erdoğan tarafından cevap veriliyor, cevap hemen Alman sermayesinin 5. kol faaliyetinden geliyor..	SUBJ
532	o kadar gidecek yerleri kalmadı ki; Kılıçdaroğlu ne yedi? Akşener ne giydi? malzeme arama peşindeler…	SUBJ
533	Bir tarafta AKP seçmenleri, diğer tarafta CHP seçmenlerinin taassubu demokrasiyi işlemez haline getirmiştir.	SUBJ
534	Kılıçdaroğlu: Said-i Nursi’nin kitapları yasaklanınca AYM’ye başvurduk	OBJ
535	Böylesine kıymetli büyüklerimiz boş konuşmaz hele ki İlber Ortaylı hiç konuşmaz. 	SUBJ
536	Dünkü terör saldırısından CHP'yi sorumlu tutan troller ve onların kayığına binen bazı muhalifler var.	SUBJ
537	“Ülkemizden ve dünyadan pek çok tanınmış sanatçı etkinliklerimizin renklenmesine katkı verecek. Her yönüyle zengin, cazip ve dinamik bir göçebe oyunlarına şahitlik edeceğiz.” Recep Tayyip Erdoğan 	OBJ
538	Hiç düşündünüz mü Türkiye, dünyanın en büyük Petrol yatakları ile dolu ve başta AKP var	OBJ
539	HDP istemedi İmamoğlu pes etti: Kameralar önünde adayı açıkladı 	OBJ
540	CHP Milletvekili Ömer Fethi Gürer son üç ayda sadece Mersin limanından Tayland, Hindistan ve Fas’tan 80 bin ton şeker ithalatı yapıldığını açıkladı.	OBJ
541	13 bin 400 adet Tweet haklı bir talebin dile getirilmesidir.	SUBJ
542	"CHP İzmir Milletvekili Sındır, “9 Eylül hürriyettir. 100 yıldır gurur ve onur günümüz olmuştur"""	OBJ
543	Osmancık Belediyesi tarafından düzenlenen Pırlanta Kültür Sanat ve Pirinç Festivali etkinlikleri çerçevesinde festival alanında yapılan yağlı güreş müsabakaları büyük ilgi gördü. 	SUBJ
544	Erdoğan yine şapkadan tavşan çıkarttı.	SUBJ
545	‘Çok Güzel Hareketler 2’, yeni sezonuyla Star’da başlıyor.	OBJ
546	Kamuda Taşeron işçi kalmasın tüm Taşeronlara kadro verilsin.	SUBJ
547	Makam aracıyla alkollü bir şekilde kaza yapan CHP’li Belediye Başkanı özür diledi.	OBJ
548	"Ortaya dökülen' pislikleri. Göre Göre Hâlâ akp'ye,,,,oy"""" vermek. Bence aptallık tır."	SUBJ
549	Adliyede olay çıkaran MHP’liyi tutuklatan hakim ve savcı ‘sürüldü’.	SUBJ
550	CHP Genel Başkanı Kemal Kılıçdaroğlu'nun, 'Benimle misiniz?' çıkışı sonrası İYİ Parti'den misilleme geldi.	OBJ
551	Meral Akşener halkın yanın da,Bizlerde onun yanındayız.	SUBJ
552	Eğer CHP'liler konur projesini beğenmedi ve hükümet bunu yapamaz diyorsa onurlu davransin ve başvuru yapmasınlar .	SUBJ
553	Central Park’ın bol oksijenli temiz havası çarpmış.	SUBJ
554	%20 KÂR PAYI İLE ÇALIŞMAK İSTERSENİZ MESAJ ATARAK GRUPLARIMIZA KATILABİLİRSİNİZ.	OBJ
555	Mersin Büyükşehir Belediyesi Bürokratı Gündeş’in teröristlerle fotoğrafları ortaya çıktı. 	OBJ
556	Bu aralar Green Card ile ilgili cok tweet denk geliyor. 	SUBJ
557	Esin Davutoğlu Şenol denen mahluk hakkında soruşturma açılmalıdır.	SUBJ
558	ERDOĞAN YAPTI.	OBJ
559	 Akparti giderse ülke en az 50 yıl geriye gidecek.	SUBJ
560	CHP ve İYi Parti'nin HDP'ye vereceği bakanlık üç aşşa beş yukarı belli oldu.	SUBJ
561	"Cumhurbaşkanı #Erdoğan: ""Bugün Doğu #Akdeniz'de dayatılmaya çalışılan Sevr'e boyun eğmeyeceğiz!"""	OBJ
562	Erdoğan sosyal konut projesinin detaylarını açıkladı.	OBJ
563	Bu lanet ulkede Akp'li iseniz rakibinize istediniz kadar hakaret edebilirsiniz cunku dusunce ozgurlugu vardir ama muhalif iseniz cumhurbaskanini elestiremezsiniz cunku hakarete girer.	SUBJ
564	...İHA/SİHA'lar bugün terör örgütüne nefes aldırmıyor.	SUBJ
565	Elazığ’da AKEPE’yi terketti.	SUBJ
566	Bu demek oluyor ki eğer muhalefet iktidara gelirse ülkenin anahtarı HDP’nin eline teslim edilecek.	SUBJ
567	Kılıçdaroğlu Giresun'da: Fakirin fukaranın olduğu bir ülkede saraylar olmaz! 	OBJ
568	Şu sıralar Zafer/Memleket partileri, AKP'den bile daha azılı bir şekilde Kılıçdaroğlu'na saldırıyor.	SUBJ
569	milyonlar İMAR AFFI bekliyor. 	OBJ
570	Tehdit mekanizmalarını devreye soktular! 	SUBJ
571	Bahçeli: İflah olmaz bir cahillik, tedavisi imkansız devşirme hastalığı	OBJ
572	Nazlıaka: CHP iktidarında 4 milyon kadın istihdam edilecek! 	OBJ
573	AKP'li Mehmet Özhaseki, 'Gezi'yi hedef aldı: Bizim işimiz yapmak, bazılarının işi yıkmak olabilir.	OBJ
574	savaş kapıda.	SUBJ
575	"Ak Parti Genel Başkanı Erdoğan: ""Yılbaşında asgari ücrette büyük bir artış yapacağız."" diyor."	OBJ
576	Ali Babacan:  Kimse çıkıp 'Alevi şöyle olur, böyle olur' diye kafasına göre konuşmayacak.	OBJ
577	AKP’li Belediye üç yılda suya yüzde 260 zam yaptı!	OBJ
578	60 sene daha gerilememize sebep oldular şimdi Erdoğanı devirip bir 60 sene daha geriletmenin peşindeler.	SUBJ
579	"696 KHK da İhale isminde ""DANIŞMANLIK"" ibaresi geçtiği için kadroya alınmayan KGM""MÜŞAVİR İŞÇİLERİ"" Kadrolu işçi ile aynı işi yapmakta ve kadro beklemekte."	OBJ
580	  CHP Erzurum İl Başkanı Bülent Oğuz, yanında çalışan çaycı kadına cinsel taciz uyguladığı gerekçesiyle 7 yıl 9 ay hapis cezasına çarptırıldı.	OBJ
581	Ali Babacan: “Diyarbakır’da Dicle’nin kenarındaki kuzuyu hatırlayan, Ankara’ya dönünce kurdun yanı başında hizaya girenlerden olmadık, olmayız.”	OBJ
582	6'lı masada 'HDP'ye bakanlık' krizi derinleşiyor!	SUBJ
583	DEVA Partisinin 5. Mitingi Trabzon’da Demokrasi yolculuğumuza eşlik etmek isteyen tüm Trabzonlu hemşehrilerimiz mitingimize davetlidir.	OBJ
584	#GenelAf istiyoruz Adil yargilanmadik. 	SUBJ
585	Akparti il kadın kolları başkanımız Hatice Çakmak başkanlığında  25 ilçe kadın kolları başkanlarımız ile istişare toplantısını gerçekleştirdik.	OBJ
586	Zillet ittifakının Cumhurbaşkanı adayını 6+1 formatlı masa değil, dış güçler belirleyecektir.	SUBJ
587	"Başkan Erdoğan : ""Biz artık İHA'larımızla varız, SİHA'larımızla varız, Akıncılarımızla varız, şimdi Gökbeylerimizle varız ve bütün bu silahlarımızla dünyada bize düşman olanların korkulu belasıyız."""	OBJ
588	Lütfen #EYTyiErtelemeyin Çünkü EYT'lilerin dayanacak gücü kalmadı.	SUBJ
589	Birisi çıkmış HDP ile yan yana koymaya calisan var demiş.	OBJ
590	Aydınlık günlerimizin mimarı, Genel Başkanımız Kemal Kılıçdaroğlu her zaman yanındayız. 	SUBJ
591	Genel Başkanımız Sayın Kemal Kılıçdaroğlu bu akşam saat 21:00'da TELE 1 TV ekranlarında Enver Aysever’in sorularını yanıtlayacak.	OBJ
592	İbrahim Tatlıses: “Hanımla boşandık! Bahçeli güzel bir ev bulup yeniden evlenmeyi düşünüyorum.” 	OBJ
593	Parti içinizde birlik yok her başkan yardımcısından bir söz çıkıyor.!!!!!!!!	SUBJ
594	Seçimi garantilemek için İmralı ile görüştüğü iddia ediliyor AKP'nin. 	OBJ
595	ŞU BİR GERCEK ÇOĞU #CHP LİLER BENDE DAHİL SİZİ PARTİMZDE BASKAN OLARAK İSTEMİYRKEN YANİ BU SOYLEDİGİMİ KİŞİSEL OLARAK ALGİLAMAYN AMA BİZİM TAZE KANLARA İHTİYACİMZ VAR.	SUBJ
596	Miçotakis Erdogan'ı taklit ederek central parkta insanlarla buluştu. 	SUBJ
597	MHP Mersin Milletvekilli Olcay Kılavuz’dan yangınların meydana geldiği bölgede.	OBJ
598	CHP'li Antalya Büyükşehir Belediyesi, kentin belirli noktalarına 59 adet 'Yunan Tanrıçası' heykeli dikmeye başladı.	OBJ
599	Cumhurbaşkanı Erdoğan Özbekistanda selamlama törenine katıldı.	OBJ
600	Mansur Yavaş, 180 Bin 150 Çocuğa Kırtasiye Desteği Yapacaklarını Açıkladı.	OBJ
601	Yılmaz Özdil: Akp’nin raf ömrü doldu.	OBJ
602	Kemal Kılıçdaroğlu ABD'ye gidiyor!. 	OBJ
603	CHP’li tosuncuk, CHP’lileri çarptı.	SUBJ
604	Cumhurbaşkanı Erdoğan, Pakistan Başbakanı Şerif ile görüştü.	OBJ
605	Yarın akşam akademisyen Cuma Çiçek ile Kürt sekülerleşmesi ve İYİ Parti'nin HDP bariyerini Gazete Davul'da konuşacağız konuşacağız	OBJ
606	CHP Düzce İl Başkanı Semih Cemşit: Türkiye 2023 seçimleriyle yeniden muasır seviyelere ulaşacaktır... 	OBJ
607	Yillarca memleketin en ucra koselerinde emek veren ucretli öğretmenler 10.000 atama mujdesini bekliyor.	SUBJ
608	Oğuz neslinden kayı'sında Kınık,ından hain çıkmaz, Sultan Vahdettin kusurlu olsa da asla hain değildir. edepsiz İzmir belediye başkanı küstahça ona hakaret etmiştir  Liderimiz Dr Devlet Bahçeli	OBJ
609	AK Parti Genel Başkanımız ve Cumhurbaşkanımız Sayın Recep Tayyip Erdogan'ın teşrifleriyle gerçekleştirilen 157. Genişletilmiş İl Başkanları Toplantımıza katılım sağladık.	OBJ
610	Beni konuşturmasınlar' diyen CHP'li Barış Yarkadaş belgeyi gösterdi…	OBJ
611	Bugün bir kez daha şahit oldum ki CHP anketlerde önde olduğu halde CHP iktidar olmak istemiyor.	SUBJ
612	Yavaş favori görünüyor ama yarın aday olarak açıklanırsa akp medyasının bütün büyüyü bozacağı endişesini taşıyorum. 	SUBJ
613	Masa devrilmiş, altından CHP’nin kuklası olduğu aşikar olan “Emek ve Özgürlük” isimli sol ve bölücü bir ittifakın ortaya çıktığı görülmüştür. HDP’nin bu ittifaka eklemlenmesi taktik bir hamledir, zelil bir kurmacadır, sinsi bir kurnazlıktır. MHP Genel Başkanı Devlet BAHÇELİ 	OBJ
614	chp nin favori cbaşkanı adayı abdullah güldü şimdi mehmet şimşekmiş	SUBJ
615	Katar askerleri elde ettikleri bilgileri sızdırmamak için yemin edecek.	OBJ
616	CHP Genel Başkanı Kemal Kılıçdaroğlu, 26 Nisan tarihinde;  Vatanı satanlarla kavga edeceğiz, ya bana katılın ya da şu anda yolumdan çekilin, demiş!	OBJ
617	Memleket Partisi’nden istifa edip CHP’ye geçtiler.	OBJ
618	AK Partili Kaya CHP'li belediyeleri eleştirdi: Amatör sporcular ulufe istemiyor hak ettiklerini verin!	OBJ
619	"BENİM İÇİN ALLAH YOK,DİN YOK DOLAYISIYLA HELALLEŞMEDE YOKdiyen tip milletvekili ATAİST AHMET ŞIK""Seçimlerin ardından AKP ve MHP darma duman olacaklar,siyasi parti kılıgına girmiş suç örgütü olmaktan yargılanacaklar kapatılacaklar""demiş."	OBJ
620	 Edirne CHP İl Genel Meclisi Üyesi Önder Cin’den Tarım Kredi’ye Ayçiçeği Tepkisi: “Tarım Siyaset İşi Değil” 	OBJ
621	Dürüst, güvenilir, birikimli, seviyeli, kararlı, mücadeleci, devlet terbiyesine sahip ve her kesimi kucaklayan yapısıyla Cumhurbaşkanlığı koltuğunu tam anlamıyla dolduracak kişidir Kemal Kılıçdaroğlu.	SUBJ
622	"Süleyman Demirel: ""İt bizim eve doğru havlıyordu, o ite yemek verip kendi evimize alınca bu sefer karşı eve doğru havlamaya başladı"". "	OBJ
623	Dokunulmazlığı kaldırılan HDP’li Semra Güzel sahte pasaportla yurtdışına kaçmak üzereyken MİT operasyonuyla yakalandı.	OBJ
624	Tanju Özcan, HDP Genel Merkezi'ne kına gönderdi.	OBJ
625	 Kamu çağrı merkezleri ihale usulü taşeron şirketlere iş üstlendirilerek Bakanlığın işini yapmaktadır.	OBJ
626	DİKKAT ! AKP'NİN DAĞITTIĞI MAKARNA MSG' KATKILI ! 	OBJ
627	Davutoğlu ‘davadan çekildim’, Demirtaş ‘çekilmedi’ diyor.	OBJ
628	"Cumhurbaşkanı Recep Tayyip Erdoğan öncülüğünde yapılan ve Türkiye'nin gayri safi milli hasıla gelirinin yüzde 0,98'ine denk gelen insani yardımlar, ülkemizi dünyadaki ""en cömert ülke"" konumuna getirdi."	OBJ
629	CHP'li Başarır'dan Soylu'ya: İstifa Et Çünkü Sen Bu Ülkeye Yakışmıyorsun!	OBJ
630	Görünen chp içindeki hdp ve pkk sempatizanlarının hatta açık açık isimle yazayım Kaftancıoğlu'nun Tanrıkulu'nun kazandığını gösteriyor. 	SUBJ
631	CHP zihniyetinde diriye de ölüye de rahat yok: İBB mezarlığın üstüne sosyal tesis yapıyor! 	SUBJ
632	2008’den bu yana ilk: Erdoğan, İsrail başbakanıyla görüştü.	OBJ
633	Bu zihniyet bırakın bakanlığı, Erdoğan gitsin diye Cumhurbaşkanlığını bile  verirler…	SUBJ
634	Şanlıurfa Halkının Asil Aziz Türk milletinin bir tek umudu güvenilir limanı sayın değerli ve kıymetli Bakanımız AHMET EŞREF FAKIBABA dır.	SUBJ
635	“Nerede bir mazlum varsa yanında olacağız.” Devlet Bahçeli	OBJ
636	Yunanlı tarihçi osmanlı övgü yağdırıyor.	SUBJ
637	MHP’deyken bile bu Fetöcü Safinaza en ufak bir sempati(!) duyanınız oldu(!) mu gerçekten aramızda yaw..??	SUBJ
638	AKP'ye yakın gazetenin köşe yazarı Çelik: Erdoğan'ın diploması kayıp!	OBJ
639	15 Temmuz'u ortaya çıkarmıyorlar, 15 Temmuz'un Erdoğan iktidarını yıkmaya yetecek bölümünü servis ediyorlar.	SUBJ
640	TMO'YU ERDOĞAN'A ŞİKAYET ETTİLER.	OBJ
641	"Muhabir Teknofest'i ziyaret eden Kılıçdaroğlu'na sorar, ""Teknofest'i ziyaret ediyorsunuz, T3 vakfından özür dilemeyi düşünüyormusunuz?"""	OBJ
642	Biziz sayın bakanım atama beklerken yaşama sevincini kaybetmiş, yüksek puanlarla ortada kalmış, hala bi haber gelsin diye bekleyen 2020 pandemi mağdurları…	SUBJ
643	1453’te zulüm başladı diyenlere zulüm 1923’te başladı…	SUBJ
644	Ali Babacan Irak'ta şehit olan Astsubay Kıdemli Çavuş Okan Meteöz’e Allah’tan rahmet, ailesine ve yakınlarına sabır diliyorum.	OBJ
645	25 ve 26. dönem Trabzon Milletvekilimiz Haluk Pekşen’i kaybettiğimizi büyük bir üzüntü ile öğrendim.	OBJ
646	Cumhurbaşkanı Erdoğan: Sırbistan ile mükemmel düzeydeki ilişkilerimiz her geçen gün gelişiyor. Kimlikle seyahat konusunda az önce imzalanan protokol ilişkilerimizi yeni bir seviyeye çıkaracaktır.	OBJ
647	CHP’li Bülent Kuşoğlu: Kılıçdaroğlu dışında aday çıkarsa masa dağılır.	OBJ
648	Anlaşılan muhalefet bi 5 yıl daha AKP'ye verecek hükümeti.	SUBJ
649	Cümbüş ittifakının alayını özetlemiş……	SUBJ
650	Yunanlar nerdeyse hergün bize suriyeli afgan yolluyor bizim mandalar da hergün alıyor.	SUBJ
651	"Kemal Kılıçdaroğlu, ""KHK'lıların 'tamamını' görevlerine iade edeceğiz."" diyor."	OBJ
652	Erdoğan: Engelli ve şehit yakınlarına yüzde 5 kontenjan ayırdık.	OBJ
653	HDP'li Ömer Faruk Gergerlioğlu; - Tanju Özcan'ı ihraç edin.	OBJ
654	Tüm KHK’lıları görevlerine iade edeceğiz vaadi KHK’lıların birkaç oyunu kazandırsa da, CHP’ye çok şey kaybettirir.	SUBJ
655	HDP - İyi Parti ortaklığı deşifre olurken inkarlar başladı.	SUBJ
656	CHP yönetimi Hem alkışlarlarla çoşkular içinde güvenlik güçlerimizi taşlayanların anılarından öperiz derler hemde kahraman şehitlerimiz için 🐊gözyaşı dökerler	SUBJ
657	Paraya kıyıp patlıcan kebap yiyeyim dersen 120 Türk Lirası!	OBJ
658	Pandemide hastalığa, ekonomik sıkıntı da açlığa mahkum ettiniz.	SUBJ
659	ABD/AB/RTE/AKPnin ÖDÜNÜ PATLATAN İHTİMAL YA TÜRKLER ATATÜRK+SEVGİ İLE BİRLİK OLURSA?	SUBJ
660	İETT Otobüslerinde manzara değişmeyecek! 	SUBJ
661	AKP üyesinin metrobüs kazası üzerinden yaptığı yayın tepki çekti.	OBJ
662	Türkiye’nin en büyük şansı Recep Tayyip Erdoğan gibi bir siyasetçiye sahip olmasıdır. 	SUBJ
663	Meclis te bir gun bile bulunmayan Baykal in vekilligi dusmeli.	SUBJ
664	"Turkiye niye bu halde diye her sorulan soruya""dış ülkeler"" diye cevap veren kitle.erdogan dış ülkelerle aynı masadaykende övünüyor..."	SUBJ
665	PKK’lı Selahattin Demirtaş Saçlarını Kazıttı.	SUBJ
666	HDP'li Paylan: Van'daki tarihi manastır bin 600 yıldır ayaktaydı, ama son yüzyılda yok edilmeye terk edildi.	OBJ
667	Herşey Çok Güzel olacak.	SUBJ
668	"Aksoy Araştırma'dan anket: ""AKP ve MHP'ye kış geliyor"""	OBJ
669	Ak Parti kapatılacak diyen Ahmet Şık’a Erdoğan’dan tepki: Bu zat teröristin tekidir gücü yetmez	OBJ
670	Hakan Atilla'dan Taşkesenlioğlu açıklaması: Belki Ali Babacan biliyordur.	OBJ
671	Kılıçtaroğlunun CB Adayımız Recep Tayyip Erdoğan Demesinimi Bekliyorsunuz ??	SUBJ
672	Erdoğan: Hedefimiz Şanghay İşbirliği Örgütü'ne tam üyelik.	OBJ
673	Sayın Kılıçdaroğlu Ekim'de Amerika'ya gidiyor.	OBJ
674	Barış Yarkadaş denen şahıs Kılıçdaroğlunun haberi olmadan bu tip konuşmayı yapamaz. 	SUBJ
675	Kılıçdaroğlu: Meral Akşener’le bir sorunumuz yok	OBJ
676	Cumhurbaşkanımız @RTErdogan: Eğitim alanında ülkemizin ilerlemesine ket vuran engelleri tek tek kaldırarak, son 20 yılda çok büyük değişime imza attık.	OBJ
677	Abdullah Atik, CHP Diyarbakır Vilayet Başkanlığına adaylığını açıkladı.	OBJ
678	 CHP li İstanbul Büyükşehir Belediyesi ile Yapı kredi bankası hala promosyon güncellemesi yapmadı..	OBJ
679	Erdoğan, CHP’nin vaatlerini sorguladı, “Su paralarında ne söz verilmişti, nerelere çıkarıldı? Vatandaş su paralarında ciddi sıkıntı içinde mi” diye sordu.	OBJ
680	Belediyelerde 696 KHK ile zabıta müdürlüklerinde Yardımcı personel yada destek personeli olarak ülke genelinde 14.000 işçi zabıta 657 memur kadrolarına atama bekliyor.	OBJ
681	Ankara Büyükşehir Belediye Başkanı Mansur Yavaş, yurt çıkmayan ihtiyaç sahibi öğrenciler için yurt başvurularının başladığını duyurdu. 	OBJ
682	Reis, kraliçenin cenazesine katılsaydı, bize burada demediklerini bırakmayacaklardı. 	SUBJ
683	Erdoğan Toprak: Sosyal Konut Kampanyası İktidarın Seçime Endeksli Hamlelerinden Birisi.	OBJ
684	HDP milletvekili Semra Güzel, Sorgu Hakimliğinde yapılan sorgusunun ardından tutuklandı. 	OBJ
685	Biz çıraklık ve staj mağdurları ayrıcalık değil hakkımız olanı istiyoruz,avukatlara ve doktorlara verilen borçlanma hakkı bizlere de verilsin, çıraklık ve staj sürelerinin başlangıcı sigorta başlangıcı olsun.	SUBJ
686	Kapsam dışı kalan taşeronlar kadro bekliyor.	OBJ
687	MAĞDURİYETİN ÖNEMLİSİ ÖNEMSİZİ YOK, STAJ MAĞDURİYETİ TOPLUMUN KANAYAN YARASIDIR.	SUBJ
688	AKP'li Çukurca Belediye Başkanı Ensar Dündar ve Esendere Belediye Başkanı Dırbaz Büyüksu'nun pavyonda eğlendiği anların görüntüleri ortaya çıktı.	OBJ
689	AKP trollerinin elinde kala kala, Mit Operasyonları, Lgbt, bir kaç pop sanatcısı ve Yunanlılar kaldı. 	SUBJ
690	HDP Kapatılsın Yerine DM'lerde Yürürken $iddet Gören Erkeklere Sığınma Yurdu Yapılsın…	SUBJ
691	İyi partide Ekrem lobisi Mansur lobisinin gerisinde kaldı.	SUBJ
692	 Artık İşçinin Sabrı kalmadı! 	SUBJ
693	Bunlar Akp li belediyelerin heykelleri.	OBJ
694	32YILDIR ERDOĞANLA BİRLİKTE OMUZ OMUZA YÜREK YÜREĞE YÜRÜDÜĞÜMÜZ YOLDA ERDOĞAN BİZİ SATTI.	SUBJ
695	Ankara Bölge İdare Mahkemesi kararı: 15.000 öğretmen alım ilânının 2020 KPSS için ek atama niteliğinde olduğu anlaşılmaktadır.	OBJ
696	Son gelişmeler göstermiştir ki, sosyal medyanın mutlak surette denetim altına alınması şarttır. 	SUBJ
697	Geceye bir not; Vahdettin, tartışmasız vatan hainidir.	SUBJ
698	Deva Partisi Çevre ve Politikalar Başkanı Rizvanoglu Bakan Murat kuruma filtresiz santrali sordu.	OBJ
699	Millet ittifakına bakınca kaos görüyorum.	SUBJ
700	 Size güvenen bir tane bile #EYT li kalmadı.	SUBJ
701	SON ANKET'TE DUMURA UĞRADILAR!	SUBJ
702	DEVA Partisi olarak 19 Eylül Gaziler Günü dolayısıyla Milas Muharip Gaziler Derneğini ziyaret ettik.	OBJ
703	AKP'li üye RTÜK’ten istifa etti, üyelik hakkı İYİ Parti'ye geçti.	OBJ
704	Büyük harflerle yazıyorum! 	OBJ
705	 Yaparsa Erdoğan yapar.	SUBJ
706	Erdoğan'dan Abdülhamit açıklaması: Gram toprak keybetmedi.	OBJ
707	Melih Altınok:  Akşener, Kemal Beye hata yaptırmaya kararlı.	OBJ
708	Devlet Bahçeli, ekonomi konusunda umut dağıttı: Enflasyon çıktığı gibi inecektir.	OBJ
709	Mersin’de canlı bombalı saldırı düzenleyen PKK’lı Dilşah Ercan’ın Özgür Özel ve Veli Ağbaba imzalı CHP’nin ‘hak ihlalleri’ raporunda gazeteci olarak ‘mağdur’ gösterildiği ortaya çıktı.	OBJ
710	Cumhuriyet Kurulduğunda, İbadetlerini Rahatça Yapabilsinler Diye... %2 Yahudi'ye Cumartesi'ni. %5 Hristiyan'a Pazar'ı Tatil Yapıp. %90'ı Müslüman Olan Halk'ın Cuma'sını. Yasaklayan Parti'nin Adıdır CHP.	SUBJ
711	EYT EKİM de meclise gelmeli EKİM de.	SUBJ
712	AKP’li belediye başkanı, ameliyatını yapan doktorun ismini parka verdi.	OBJ
713	Hepsi için değil belki ama büyük çoğunluğunun derdi asla ulvî değerler değil.. 	SUBJ
714	Sayın Genel Başkanım , Yolun Yolumuzdur ! 	SUBJ
715	Bilinmeli ki #CHP #HDP ortaklığı 6 masa ortaklığı falan değildir.	SUBJ
716	Kağıthane Belediyesi’nin Merkez Mahallesi’ne yaptığı meydanın ardından bir meydan çalışması daha Kaymakamlık önüne yapılıyor.  	OBJ
717	 Sayın Kılıçdaroğlu Staj mağdurları olarak, artık yüksek sesle bu mağduriyeti dile getimenizi bekliyoruz.	SUBJ
718	Mersin'de yaşanan saldırı yorumlarına bakıyorum PKK dememek için ellerinden geleni yapıyor.	SUBJ
719	"Cumhurbaşkanımız @RTErdogan: ""Biz Aylan bebeklerin cesetleri kıyılara vurmasın diye çırpınırken, Yunanistan hukuksuz, pervasız geri itmeleriyle Ege'yi mülteci mezarlığına çevirmektedir"""	OBJ
720	Herkes seçinmiş gibi hareket ediyor... 	SUBJ
721	Cumhurbaşkanı Erdoğan Denizli’ye geliyor.	OBJ
722	Buyrun Feto teror orgutunun tum paylasimlarini paylasan hanimefendi akp yi sebep gosteriyor.	SUBJ
723	Kılıçdaroğlu talimat verdi, CHP'li gençler afiş astı. 	OBJ
724	 jokerler kadro dışı bırakıldı bunun farkında mısınız?	OBJ
725	Gelecek Partisi kurucular kurulu üyesi hemşehrimiz (Emekli Vali) Sn.İzzettin KÜÇÜK, genel başkan Danışmanı Sn.Cemal EĞİN ve Sultanbeyli ilçe başkanı Sn.Erol DEMİR derneğinizi ziyaret etti.	OBJ
726	Ha otobüs kurşunlanmış ha sahaya giren bir it oyuncu darp etmiş.	SUBJ
727	Başkan Duran, Genel Başkan Kılıçdaroğlu ile Görüştü.	OBJ
728	Doğalgazın megavatsaat fiyatı güne 207 eurodan başladı ve 10.20 itibarıyla 211 eurodan işlem gören doğalgazın fiyatı yüzde 13,4 artış gösterdi. 	OBJ
729	"Kılıçdaroğlu'na sordular:"" Hdp'ye bakanlık verilir mi? Cevap: "" Tabiki verilir neden verilmesin"". "	OBJ
730	Mantar ile diyette daha fazla kilo verebilirsiniz!!	OBJ
731	AKP'li Mamak Belediyesi'nin yoksula konut projesi yandaşa konut projesi oldu! 	SUBJ
732	Akp tavuk dönerde dağıtsa bu kadar insanı bir araya toplayamaz. 	SUBJ
733	Hulki Cevizoğlu: Bırakın hdp ‘nin onayı olmadan aday seçmeyi  CHP’nin‘genel başkanını bile hdp ‘nin onayı olmadan Seçemezler..	OBJ
734	Kim ne istiyorsa isteğine kavuşsun.	SUBJ
735	"Meral Akşener: ""Bizim CHP'ye borcumuz yok. Biz bir borç varsa da onu 31 Mart'ta ödedik. Hatta alacaklı duruma geçtik. Hem kazanacak bir aday, hem de aklı başında, devlet deneyimi olan bir aday ortaya konulacak. Çok endişelerim var. "	OBJ
736	ben chp'nin seçimi kazansa bile ülkeye faydalı tek bir şey yapacağını düşünmüyorum. 	SUBJ
737	‘Florya’daki villalarda oturmadım’ demişti.	OBJ
738	 Solcu, kemalist olan CHP, bırakın içinden aday çıkarmayı, yıllardır mücadele ettiği, benimsemediği ideolojik yapıya el açıp oy isteyecek kadar mecbur, hatta daha ilerisi muhtaç, mecbur.	SUBJ
739	Djaniny -Kouassi-Yusuf Erdoğan hatta abdulkadir bu Futbolla forma yüzü göremez.	SUBJ
740	CHP için İzmir de nimet nimet…	SUBJ
741	Ülkemde adalet arayanlar varsa, 23 yıllık sorun çözülmemişse, Seçim vaatleri yalan olmuşsa, Emekçinin evine ekmek götürme derdi varsa, çocuk yaşta #staj ile sgk başlangıcı olacak deyip çalıştırıp yok saymak, #ABO ile emekçiden çalma varsa #TürkiyeEYTDiyor.	SUBJ
742	Bu adam iyi partili, CHP ile ittifak olmadıklarını söylüyor. 	OBJ
743	Mersin'deki teröristin CHP raporunda sunulması ve hala yetkili sitelerinde raporun durması söz konusudur.	OBJ
744	 KİRLİ ÇAMAŞIRLARINIZ BİR BİR ÇIKIYOR	SUBJ
745	Pandemi Demedik Taşeronuz Demedik Radyasyon Demedik Mücadele Ettik	OBJ
746	Yahu mecliste savundukları terörist sözde gazeteci doktor mehmetçiği polisi öldürüyor; Bir tane CHPli çıkıp da ulan biz ne yapıyoruz, bizi iktidardan nefret ettirmek için ne yalanlara ne bataklıklara sürükledi bu CHP yönetimi diyenini görmedim.	SUBJ
747	İnsanlar dünyaya geliş gayelerini söz ve fiilleriyle ortaya koyar. 	SUBJ
748	Konuş, gönüllerin Cumhurbaşkanı Recep Tayyip ERDOĞAN konuş, Dünya Seni Dinliyor.	SUBJ
749	Ülke yönetimine talip olmayan CHP içindeki tatlı su solcusu klikler, İYİ Parti’nin yükselişini önlemeye çalışıyor. 	SUBJ
750	"Cüneyt Özdemir: ""FETÖ'cünün biri bir yalan atıyor, Erdoğan karşıtı solcu laik hesaplar bu yalanın arkasından gidiyor. O kadar kolay manipüle ediliyor ki bu insanlar hayret ediyorum. 'Erdoğan düşmanlığı olsun da PKK'lı da olur FETÖ'cü de olur kafasında millet."" "	OBJ
751	DEVA Partisi borsadaki iddiaları sordu: Manipülatörlerin arkasında kim var? 	OBJ
752	#AksenerTekeTekte Tayyip beyin genel sorunu şu her şeyi çok şahsileştirdi.	SUBJ
753	Kılıçdaroğlu: Altılı Masa'da kriz yok, hiç olmadı.	OBJ
754	Başkanımız Recep Tayyip Erdoğan yapar diğerleri izler..	SUBJ
755	AKP’li belediyenin borcu yüzünden açılamayan okula veliler isyan etti.	OBJ
756	50 - 60 yaşındaki ilkokul mezunu KÖYLÜ VATANDAŞ KEYFİNDEN Twittere girip mesaj ATMIYOR.	SUBJ
757	"MHP Samsun İl Başkanı Abdullah Karapıçak toplantıları değerlendirdi: ""Üreticilerin sorunları kurumlara iletilecek"""	OBJ
758	Basından öğrendiğimize göre Chp HDP ile ilişkide Akp apo piçi ve pkk ile ilişkide.	SUBJ
759	Emperyalizmle savaşan, Cumhuriyet'i kuran, toplumu on senede ileri düzeye getiren kadrolardan sonra CHP'nin geldi nokta acınası ve tehlikeli.	SUBJ
760	Erdoğan, 'Gereğini yapıyor' demişti, Ahmet Hakan'dan yanıt geldi.	OBJ
761	Amcanın odasında; vatandaş diyor ki Babacan döneminde ekonomi bugünden daha kötüydü, bugün çok daha iyi yerdeyiz.diyor.	OBJ
762	CHP'nin resmi sitesinde hala duruyor. 	OBJ
763	Reisimiz Recep Tayyip Erdoğan son gelişinde BEN GİRESUN DAN HİÇ MUTLU AYRILAMAYACAKMIYIM siteminde hüzünlü bir veda yaşamıştık.	SUBJ
764	e bisikletleriyle gitmeye devam ediyorlar. 	OBJ
765	Cüneyt Özdemir: Bu FETÖ meselesi ilginç, AK Partililer son 10 aydır Kılıçdaroğlu’nun FETÖ’ye FETÖ demediğini belirtti. DEVA zaten gülen cemaati diyor. Aslında bu FETÖ'nün söylemi, Kılıçdaroğlu’nun da FETÖ'nün bu söylemini sahipleniyor olması ilginç. 	OBJ
766	Milliyetçi Hareket Partisi'ne yaptığı liderlik ile Alparslan Türkeş'in emanetine en iyi şekilde sahip çıkmaktadır, partiden kovduğu isimlerin MHP ile en ufak bağlantısının olmaması gerektiği her geçen gün daha da açığa çıkmaktadır. 	SUBJ
767	Altılı masayı hdp ile ittifak yapıyor diye mitinglerinde kötüleyen AKP, şimdi de “altılı masa HDP ile muhattap olmaya tenezzül etmiyor diye kötülüyor!!!”	SUBJ
768	Silahlı İnsansız Deniz Aracı SANCAR ilk kez Afrika Havacılık ve Savunma Fuarı'nda görücüye çıktı.	OBJ
769	Skandal açıklamalarıyla bilinen CHP'li Can Ataklı bu kez de 30 Ağustos Zafer Bayramı'nda Kur'an-ı Kerim okunmasından rahatsız oldu. 	SUBJ
770	Siz CHP nin iktidar olursa Ülkeye hizmet edeceğine İnanıyormusunuz	SUBJ
771	Eğer karşıdakinin gördüklerini dinleyecek olsa sürekli düzelterek, ilerleme kaydedecek ve daha başarılı ve mutlu olacaktır. 	SUBJ
772	Millet Kılıçdaroğlu isminde UZLAŞMIYOR.	SUBJ
773	 CHP'de siyaset yapanlarda her nedense tanınma isteği oluşuyor.	SUBJ
774	Seçimi uğur ittifakı nın kazanması halinde ABD harekete geçmek için adaları silahlandırıyor.	SUBJ
775	Sayın Kemal Kılıçdaroğlu birilerinin kabusu olmaya başladı bile ..	SUBJ
776	Demokrasimizin ve bağımsızlığımızın güvencesi, Ulu Önderimiz Mustafa Kemal Atatürk'ün emaneti Cumhuriyet Halk Partisi'nin 99. yılı kutlu olsun.	SUBJ
777	İyi Parti masadan kalkmayacak,hdp o masada olacak. 	SUBJ
778	Cumhurbaşkanı Erdoğan, törenin ardından projedeki örnek daireyi gezerek incelemelerde bulundu.	OBJ
779	CHP’li Özkan’dan iktidara sert çıkış: “Kahraman şehitlerimize sahip çıkamadılar”	SUBJ
780	Türkiye 2023 seçimlerine kilitlenirken ASAL Araştırma tarafından İstanbul, Ankara, Adana ve İzmir'de yapılan anket sonucu yayınlandı.	OBJ
781	Erdoğan, ABD Yahudi Toplumu Temsilcileriyle Görüştü.	OBJ
782	Cumhurbaşkanı Erdoğan: Şehit yakınlarına ilk etabın yüzde 5'ine denk gelen 12 bin 500 konut, engellilere 12 bin 500 konut, emeklilere yüzde 20’ye denk düşen 50 bin konut ayırıyoruz.	OBJ
783	Cumhurbaşkanı Recep Tayyip Erdoğan, New York'ta Birleşik Krallık Başbakanı Elizabeth Truss ile görüştü.	OBJ
784	"HDP'den 'bakanlık' yanıtı: ""Kimseyle pazarlığa girmedik"""	OBJ
785	KİMSENİN DERDİ TASASİ ALLLAH, HAK, HAKİKAT, AHİRET VB DEĞİL; AKP, CHP, HDP, İYİ VS TAMAMDIR.	SUBJ
786	Veli Ağbaba’nın sanırım CHP’deki görevi teröristlerle ilgilenme, sahip çıkma…	SUBJ
787	CHP'den 1 yıl çıkarılma cezası alan Tanju Özcan HDP’ye kına gönderdi	OBJ
788	#CHP İzmir Belediyesi, ilkin @tarkan konserden para almadı denildi.	OBJ
789	Eğer ki bu kadar hassas bir seçim öncesi halk bu kadar çaresizken ve tek kurtuluş umudu sizi görürken siz ego savaşlarına kapılıp ittifakı bozarsanız bu millete en büyük kötülüğü yapmış olursunuz.	SUBJ
790	Biz Türkiye'nin tamamına talibiz, Ekonomi Bakanlığı'nı istemiyoruz. diyen Babacan'a tek başına iktidar olmalarının hayalden öteye geçemeyeceğini hatırlatabilir misiniz?	SUBJ
791	Bir kuşun bile yuvasını yıkmak gunahken bizlerin kendi arsamıza binbir güçlükle yaptığımız ailemizin barınacağı evi yıkmaya kalkmak ne İnsanlığa nede muslumanliga sığar. 	SUBJ
792	Silahlı terör örgütüne üye olmak suçundan aranan ve Edirne'ye giderken yakalanan HDP Diyarbakır Milletvekili Semra Güzel tutuklandı.	OBJ
793	"CHP İstanbul Milletvekili Gürsel Tekin:  ""HDP’ye bakanlık verilebilir, her partiye verilebilir."""	OBJ
794	 Cumhurbaşkanı Recep Tayyip Erdoğan, AK Parti Genişletilmiş İl Başkanları Toplantısı’nda konuştu. 	OBJ
795	Atatürk'ün değerini bilmez iseniz birgün kalktiginiz da İran,Afganistan gibi bir ülke olursunuz..	SUBJ
796	Yandaş gazeteler, TV'ler Bursa AKP belediye başkanı nerede, Bursa iyi yönetilemiyor diye haber yapmadı sanırım. 	SUBJ
797	Gelecek Partisine oy verebilirsiniz gönül rahatlığıyla.	SUBJ
798	Gürsel Tekin, Kılıçdaroğlu seçilirse CHP Genel Başkanlığı'na aday olacak.	SUBJ
799	avukat ve doktora tanınan borçlanma hakkı bizede verilmeli.. 	SUBJ
